{
"type": "FeatureCollection",
"name": "tracks_diag_des_fous",
"crs": { "type": "name", "properties": { "name": "urn:ogc:def:crs:OGC:1.3:CRS84" } },
"features": [
{"type":"Feature","properties":{"name":"GRAND RAID REUNION 2026 - DIAGONALE DES FOUS sur TraceDeTrail.fr","cmt":null,"desc":null,"src":"Trace de Trail","link1_href":null,"link1_text":null,"link1_type":null,"link2_href":null,"link2_text":null,"link2_type":null,"number":null,"type":null},"geometry":{"type":"MultiLineString","coordinates":[[[55.45966,-21.33975,7.0],[55.45988,-21.33996,8.0],[55.46028,-21.34029,8.0],[55.46046,-21.34043,6.0],[55.46074,-21.34058,8.0],[55.46096,-21.34067,5.0],[55.46106,-21.34074,7.0],[55.46119,-21.34074,6.0],[55.46147,-21.34087,7.0],[55.46183,-21.34102,6.0],[55.46232,-21.34122,6.0],[55.46263,-21.34134,7.0],[55.46295,-21.34148,7.0],[55.46329,-21.34163,6.0],[55.46367,-21.3418,5.0],[55.4643,-21.34209,4.0],[55.46463,-21.34222,4.0],[55.46503,-21.34239,5.0],[55.46537,-21.34252,4.0],[55.46577,-21.34269,4.0],[55.46622,-21.3429,3.0],[55.46652,-21.34301,3.0],[55.46692,-21.34318,5.0],[55.46726,-21.34332,2.0],[55.46766,-21.34348,0.0],[55.4681,-21.34363,0.0],[55.46853,-21.34365,0.0],[55.46891,-21.34364,4.0],[55.46939,-21.34363,5.0],[55.46976,-21.34364,6.0],[55.47019,-21.34365,6.0],[55.47071,-21.34365,6.0],[55.47104,-21.34367,6.0],[55.4715,-21.34366,6.0],[55.47197,-21.34366,6.0],[55.47252,-21.34365,7.0],[55.47296,-21.34365,7.0],[55.47383,-21.34365,6.0],[55.47412,-21.34364,6.0],[55.47442,-21.34364,6.0],[55.47469,-21.34365,5.0],[55.47509,-21.34365,5.0],[55.47567,-21.34364,5.0],[55.47603,-21.34365,4.0],[55.4765,-21.34365,4.0],[55.47698,-21.34364,5.0],[55.47762,-21.34364,6.0],[55.478,-21.34363,6.0],[55.47847,-21.34361,7.0],[55.47858,-21.34362,9.0],[55.47881,-21.34367,6.0],[55.47892,-21.34371,6.0],[55.47909,-21.34379,6.0],[55.47933,-21.34392,7.0],[55.47964,-21.3442,6.0],[55.47988,-21.34443,6.0],[55.48006,-21.34475,7.0],[55.48032,-21.34521,10.0],[55.48041,-21.34539,10.0],[55.48048,-21.34557,11.0],[55.48052,-21.34587,11.0],[55.48053,-21.34618,10.0],[55.48052,-21.34632,11.0],[55.48055,-21.34656,9.0],[55.48058,-21.34681,8.0],[55.48096,-21.34719,5.0],[55.48113,-21.34728,6.0],[55.48135,-21.34738,5.0],[55.48157,-21.34747,5.0],[55.48174,-21.34759,5.0],[55.4818,-21.34769,5.0],[55.48182,-21.34783,5.0],[55.48178,-21.34802,7.0],[55.4818,-21.34809,7.0],[55.48194,-21.34821,7.0],[55.48216,-21.34833,7.0],[55.48245,-21.34847,7.0],[55.48263,-21.34852,7.0],[55.4829,-21.34858,7.0],[55.48298,-21.34862,7.0],[55.48323,-21.34878,7.0],[55.48338,-21.3489,7.0],[55.48351,-21.34905,9.0],[55.48359,-21.34924,9.0],[55.48365,-21.34933,9.0],[55.48372,-21.34941,10.0],[55.48381,-21.34946,12.0],[55.48404,-21.34955,9.0],[55.48431,-21.34965,9.0],[55.48461,-21.34963,11.0],[55.4847,-21.34955,11.0],[55.48479,-21.3494,13.0],[55.48492,-21.34911,15.0],[55.48505,-21.34882,15.0],[55.48519,-21.34855,15.0],[55.48527,-21.34846,18.0],[55.48542,-21.34833,18.0],[55.48556,-21.34822,21.0],[55.48567,-21.34816,21.0],[55.48583,-21.34814,23.0],[55.4861,-21.34816,23.0],[55.4863,-21.34812,23.0],[55.48653,-21.34803,24.0],[55.48678,-21.3479,25.0],[55.48686,-21.34785,28.0],[55.48689,-21.34782,28.0],[55.48697,-21.34767,25.0],[55.487,-21.3475,27.0],[55.48697,-21.3473,27.0],[55.48691,-21.34711,34.0],[55.48687,-21.34701,33.0],[55.48681,-21.34689,39.0],[55.48668,-21.3467,39.0],[55.48668,-21.34656,39.0],[55.48661,-21.34629,39.0],[55.48664,-21.34606,45.0],[55.48665,-21.34568,44.0],[55.48666,-21.34556,43.0],[55.48671,-21.34518,44.0],[55.48675,-21.34481,47.0],[55.4868,-21.34442,53.0],[55.48681,-21.34426,54.0],[55.4868,-21.34403,53.0],[55.48671,-21.34344,53.0],[55.48674,-21.34323,56.0],[55.4868,-21.34304,55.0],[55.48701,-21.34249,57.0],[55.48716,-21.34203,59.0],[55.48721,-21.3419,61.0],[55.48728,-21.34176,61.0],[55.48755,-21.34144,62.0],[55.48785,-21.34121,63.0],[55.48803,-21.34106,63.0],[55.48818,-21.3409,63.0],[55.4884,-21.34075,63.0],[55.48864,-21.34063,64.0],[55.48895,-21.34045,68.0],[55.48922,-21.34031,69.0],[55.48955,-21.34017,70.0],[55.48963,-21.34002,74.0],[55.48961,-21.33976,71.0],[55.48965,-21.33949,73.0],[55.48966,-21.33925,74.0],[55.48979,-21.33915,74.0],[55.48988,-21.33905,74.0],[55.48992,-21.33899,80.0],[55.49001,-21.3389,80.0],[55.49006,-21.33889,80.0],[55.49025,-21.33888,80.0],[55.49039,-21.3388,80.0],[55.49077,-21.33853,80.0],[55.49103,-21.33831,83.0],[55.49131,-21.33808,88.0],[55.49153,-21.33793,88.0],[55.49179,-21.33782,88.0],[55.49208,-21.33778,87.0],[55.49228,-21.33772,85.0],[55.49239,-21.33763,89.0],[55.49241,-21.3376,83.0],[55.49248,-21.3374,91.0],[55.49253,-21.3372,91.0],[55.49256,-21.33711,91.0],[55.49266,-21.33694,92.0],[55.493,-21.3366,93.0],[55.49317,-21.33646,95.0],[55.49322,-21.33643,95.0],[55.49341,-21.33637,95.0],[55.49347,-21.33639,95.0],[55.49352,-21.33642,99.0],[55.49358,-21.3365,101.0],[55.49366,-21.33673,99.0],[55.49374,-21.33704,100.0],[55.49382,-21.33728,101.0],[55.49394,-21.33744,102.0],[55.49412,-21.33754,102.0],[55.4944,-21.33762,100.0],[55.4946,-21.33772,103.0],[55.49482,-21.33787,99.0],[55.49507,-21.3381,99.0],[55.49533,-21.33834,100.0],[55.49559,-21.33859,101.0],[55.49593,-21.33892,101.0],[55.49618,-21.33914,100.0],[55.49643,-21.33937,99.0],[55.49662,-21.33951,97.0],[55.49672,-21.33957,97.0],[55.49693,-21.33964,96.0],[55.49719,-21.33962,97.0],[55.49741,-21.33956,95.0],[55.4976,-21.33948,97.0],[55.49778,-21.33937,97.0],[55.49803,-21.33924,97.0],[55.49825,-21.33915,98.0],[55.49846,-21.33908,98.0],[55.4988,-21.33899,101.0],[55.49924,-21.33895,101.0],[55.49955,-21.33895,101.0],[55.4998,-21.33897,101.0],[55.50004,-21.33905,101.0],[55.50028,-21.33911,102.0],[55.50049,-21.33914,102.0],[55.50071,-21.33917,106.0],[55.50121,-21.33921,105.0],[55.50128,-21.33924,107.0],[55.5014,-21.33936,107.0],[55.50149,-21.33954,107.0],[55.50166,-21.33981,109.0],[55.50168,-21.33987,109.0],[55.50163,-21.34006,109.0],[55.50157,-21.34024,104.0],[55.50157,-21.34028,104.0],[55.50169,-21.34039,110.0],[55.5019,-21.34051,109.0],[55.50221,-21.34067,110.0],[55.50229,-21.3407,110.0],[55.50241,-21.34071,113.0],[55.50249,-21.34067,113.0],[55.50254,-21.3406,113.0],[55.50276,-21.34024,117.0],[55.5028,-21.34013,117.0],[55.50289,-21.34002,119.0],[55.50303,-21.33992,119.0],[55.5031,-21.33988,119.0],[55.50347,-21.33976,124.0],[55.50374,-21.33971,126.0],[55.50391,-21.3397,127.0],[55.50407,-21.3397,127.0],[55.50448,-21.33975,129.0],[55.50481,-21.33978,129.0],[55.50515,-21.33982,129.0],[55.50535,-21.33982,131.0],[55.50539,-21.33976,138.0],[55.50537,-21.33966,138.0],[55.50538,-21.33962,138.0],[55.50558,-21.33926,145.0],[55.50567,-21.33907,145.0],[55.50575,-21.33886,147.0],[55.50584,-21.33862,150.0],[55.50604,-21.33834,156.0],[55.50615,-21.33814,156.0],[55.50628,-21.33793,157.0],[55.50635,-21.33784,161.0],[55.50645,-21.33768,161.0],[55.50654,-21.33751,161.0],[55.50661,-21.3374,164.0],[55.50669,-21.33708,165.0],[55.50687,-21.33681,165.0],[55.50717,-21.33653,169.0],[55.50746,-21.33623,177.0],[55.50753,-21.33619,181.0],[55.50773,-21.33599,185.0],[55.50794,-21.3358,188.0],[55.50827,-21.33547,191.0],[55.50851,-21.3353,194.0],[55.50859,-21.33526,194.0],[55.50864,-21.33525,194.0],[55.5091,-21.33546,194.0],[55.50925,-21.33554,199.0],[55.50939,-21.33565,194.0],[55.50965,-21.33583,198.0],[55.50982,-21.33591,194.0],[55.50984,-21.3359,194.0],[55.51018,-21.33569,201.0],[55.51027,-21.33559,208.0],[55.51062,-21.33536,207.0],[55.51072,-21.33527,209.0],[55.51081,-21.33517,209.0],[55.51093,-21.33501,209.0],[55.51108,-21.33483,213.0],[55.51123,-21.33464,217.0],[55.5114,-21.3344,218.0],[55.51163,-21.3341,220.0],[55.51207,-21.3337,228.0],[55.51221,-21.3336,229.0],[55.51257,-21.33331,230.0],[55.51297,-21.33311,230.0],[55.51317,-21.33299,236.0],[55.51328,-21.33291,234.0],[55.51356,-21.33275,236.0],[55.51385,-21.33251,237.0],[55.51407,-21.3322,242.0],[55.51412,-21.33215,242.0],[55.51414,-21.33205,242.0],[55.51405,-21.332,242.0],[55.51391,-21.33197,241.0],[55.51363,-21.33182,244.0],[55.51344,-21.33168,246.0],[55.51337,-21.33162,246.0],[55.51327,-21.33148,250.0],[55.51317,-21.33131,249.0],[55.51317,-21.33129,249.0],[55.51323,-21.33115,253.0],[55.51351,-21.33095,254.0],[55.51397,-21.33061,255.0],[55.51421,-21.33041,256.0],[55.51432,-21.33023,258.0],[55.51438,-21.33005,265.0],[55.5145,-21.32976,269.0],[55.51462,-21.32946,272.0],[55.51465,-21.32934,272.0],[55.51467,-21.32924,273.0],[55.51468,-21.32889,278.0],[55.51469,-21.32876,278.0],[55.51469,-21.32858,286.0],[55.51472,-21.32831,286.0],[55.51478,-21.32816,286.0],[55.51487,-21.32799,289.0],[55.51493,-21.32782,293.0],[55.51513,-21.32745,295.0],[55.51544,-21.32713,295.0],[55.51591,-21.3267,299.0],[55.51602,-21.32657,300.0],[55.51621,-21.32642,303.0],[55.51632,-21.32632,303.0],[55.51638,-21.32625,303.0],[55.51643,-21.32621,303.0],[55.51648,-21.32621,303.0],[55.5166,-21.32635,303.0],[55.51677,-21.32657,305.0],[55.51701,-21.32687,306.0],[55.51704,-21.32688,306.0],[55.51711,-21.32687,308.0],[55.5172,-21.32678,309.0],[55.51737,-21.32657,309.0],[55.51762,-21.32635,319.0],[55.51775,-21.32619,320.0],[55.51783,-21.32613,320.0],[55.51797,-21.32599,320.0],[55.51812,-21.32587,325.0],[55.51856,-21.32544,339.0],[55.51862,-21.32537,339.0],[55.51874,-21.32528,339.0],[55.51881,-21.32539,341.0],[55.51903,-21.32558,341.0],[55.51912,-21.32572,341.0],[55.51927,-21.32576,341.0],[55.5194,-21.32568,341.0],[55.51964,-21.32547,344.0],[55.51997,-21.32527,348.0],[55.52025,-21.32503,357.0],[55.52038,-21.32495,357.0],[55.52044,-21.32489,357.0],[55.52056,-21.32481,358.0],[55.52103,-21.32439,363.0],[55.52115,-21.32429,362.0],[55.52144,-21.32412,368.0],[55.52164,-21.32405,371.0],[55.52202,-21.32384,371.0],[55.52233,-21.32368,374.0],[55.52269,-21.3235,376.0],[55.5228,-21.32343,376.0],[55.52302,-21.32318,380.0],[55.52321,-21.32299,384.0],[55.52337,-21.32279,388.0],[55.5236,-21.32257,389.0],[55.52402,-21.32218,391.0],[55.52435,-21.32197,394.0],[55.52458,-21.3218,395.0],[55.52472,-21.32167,399.0],[55.52483,-21.32154,399.0],[55.52487,-21.32143,401.0],[55.52482,-21.32131,401.0],[55.52485,-21.32119,405.0],[55.52498,-21.32109,408.0],[55.52512,-21.3211,408.0],[55.5252,-21.32106,408.0],[55.52534,-21.32102,411.0],[55.52547,-21.32094,411.0],[55.52555,-21.32086,421.0],[55.52564,-21.32075,421.0],[55.52571,-21.32064,419.0],[55.52588,-21.32046,427.0],[55.52596,-21.32039,424.0],[55.52612,-21.32031,425.0],[55.52627,-21.32021,425.0],[55.52641,-21.32007,433.0],[55.52657,-21.31989,433.0],[55.52675,-21.31968,436.0],[55.52689,-21.31956,436.0],[55.52711,-21.31944,441.0],[55.52722,-21.31934,450.0],[55.52732,-21.31923,447.0],[55.52748,-21.31898,449.0],[55.52756,-21.31888,449.0],[55.52782,-21.31877,451.0],[55.52839,-21.31849,457.0],[55.52866,-21.31833,457.0],[55.52899,-21.31815,459.0],[55.5293,-21.31796,463.0],[55.5298,-21.31773,478.0],[55.53014,-21.31745,480.0],[55.5303,-21.31728,482.0],[55.53034,-21.31725,482.0],[55.53057,-21.3172,486.0],[55.53082,-21.31717,490.0],[55.53121,-21.31716,491.0],[55.53164,-21.31711,495.0],[55.53177,-21.31708,495.0],[55.53189,-21.31703,495.0],[55.53195,-21.31695,504.0],[55.53196,-21.31682,504.0],[55.53194,-21.31669,509.0],[55.53194,-21.31662,509.0],[55.53195,-21.31657,509.0],[55.53212,-21.3161,511.0],[55.53225,-21.31587,512.0],[55.53232,-21.31579,512.0],[55.53241,-21.31571,514.0],[55.53254,-21.31568,514.0],[55.53268,-21.31578,514.0],[55.5327,-21.31593,516.0],[55.53269,-21.31618,516.0],[55.53272,-21.31625,518.0],[55.5328,-21.3162,523.0],[55.5329,-21.31596,521.0],[55.53295,-21.31587,519.0],[55.53314,-21.31564,526.0],[55.53334,-21.31542,532.0],[55.53345,-21.31527,534.0],[55.53348,-21.31515,531.0],[55.53341,-21.31509,534.0],[55.53314,-21.31494,531.0],[55.53341,-21.31491,534.0],[55.53374,-21.31481,536.0],[55.53397,-21.31476,541.0],[55.53411,-21.31472,544.0],[55.53417,-21.31472,544.0],[55.53424,-21.31476,544.0],[55.53426,-21.31481,544.0],[55.53427,-21.31489,544.0],[55.53419,-21.3151,544.0],[55.5342,-21.3152,544.0],[55.53429,-21.31521,544.0],[55.5344,-21.3151,544.0],[55.53458,-21.31498,546.0],[55.53465,-21.31495,550.0],[55.53483,-21.3149,550.0],[55.53488,-21.31481,550.0],[55.53491,-21.31469,554.0],[55.53485,-21.31449,553.0],[55.53485,-21.31436,553.0],[55.5349,-21.31422,560.0],[55.53507,-21.31391,563.0],[55.53522,-21.31361,565.0],[55.53533,-21.31349,565.0],[55.53542,-21.31348,565.0],[55.53551,-21.31348,565.0],[55.53562,-21.31352,570.0],[55.53564,-21.31354,570.0],[55.53568,-21.31364,570.0],[55.53565,-21.31384,565.0],[55.53569,-21.31395,565.0],[55.53578,-21.314,567.0],[55.53584,-21.31399,569.0],[55.5359,-21.31393,569.0],[55.53594,-21.31383,569.0],[55.53601,-21.31371,571.0],[55.53614,-21.31357,573.0],[55.53641,-21.31321,573.0],[55.53652,-21.31302,575.0],[55.53667,-21.31287,576.0],[55.5368,-21.31271,576.0],[55.53681,-21.31269,576.0],[55.5368,-21.31262,576.0],[55.53671,-21.3125,577.0],[55.53669,-21.31243,577.0],[55.53669,-21.3124,577.0],[55.53677,-21.31233,577.0],[55.53691,-21.31229,580.0],[55.53742,-21.31221,578.0],[55.53752,-21.31216,578.0],[55.53774,-21.31201,580.0],[55.53784,-21.31195,586.0],[55.53826,-21.31175,592.0],[55.53861,-21.31161,596.0],[55.53915,-21.31135,600.0],[55.53931,-21.31131,600.0],[55.53952,-21.3114,600.0],[55.53991,-21.31151,598.0],[55.54011,-21.31153,601.0],[55.54021,-21.31152,603.0],[55.54032,-21.31148,608.0],[55.54044,-21.31139,608.0],[55.54053,-21.31131,602.0],[55.54067,-21.31117,610.0],[55.54075,-21.31113,611.0],[55.54091,-21.31111,611.0],[55.54114,-21.31113,610.0],[55.54146,-21.31108,610.0],[55.54167,-21.31116,611.0],[55.54186,-21.31125,609.0],[55.54208,-21.31138,610.0],[55.54226,-21.31146,607.0],[55.54244,-21.31145,599.0],[55.54276,-21.31124,605.0],[55.54287,-21.31114,604.0],[55.54307,-21.31104,606.0],[55.54332,-21.31094,607.0],[55.54345,-21.31092,607.0],[55.54386,-21.31113,603.0],[55.5443,-21.31124,606.0],[55.5448,-21.31141,610.0],[55.54484,-21.31152,610.0],[55.54484,-21.31162,610.0],[55.54475,-21.31177,610.0],[55.54468,-21.31181,628.0],[55.54452,-21.31185,626.0],[55.54433,-21.31185,604.0],[55.54409,-21.31179,599.0],[55.54386,-21.31171,599.0],[55.54373,-21.3117,598.0],[55.54356,-21.31177,611.0],[55.54343,-21.31188,609.0],[55.54332,-21.31202,617.0],[55.54301,-21.31245,619.0],[55.54282,-21.31265,617.0],[55.54269,-21.31277,615.0],[55.54255,-21.31288,616.0],[55.5424,-21.31297,616.0],[55.54232,-21.31301,616.0],[55.54217,-21.31306,616.0],[55.54184,-21.31309,618.0],[55.54174,-21.31313,620.0],[55.54172,-21.31326,620.0],[55.5418,-21.31339,620.0],[55.54195,-21.31343,614.0],[55.54226,-21.31334,620.0],[55.54268,-21.31321,621.0],[55.54303,-21.31309,621.0],[55.54345,-21.31295,623.0],[55.54404,-21.31281,634.0],[55.54421,-21.31266,639.0],[55.54435,-21.3127,639.0],[55.54472,-21.31267,643.0],[55.5452,-21.31263,643.0],[55.54529,-21.31284,646.0],[55.54537,-21.31295,644.0],[55.54548,-21.31299,644.0],[55.54566,-21.31295,647.0],[55.5457,-21.31282,648.0],[55.5459,-21.31272,649.0],[55.54593,-21.31268,649.0],[55.54593,-21.31263,649.0],[55.54588,-21.31247,649.0],[55.54586,-21.31238,649.0],[55.54588,-21.31236,649.0],[55.54588,-21.31235,649.0],[55.54584,-21.31233,649.0],[55.5458,-21.31226,648.0],[55.54577,-21.31218,648.0],[55.54577,-21.3121,648.0],[55.54579,-21.31205,648.0],[55.54585,-21.31202,648.0],[55.54596,-21.312,648.0],[55.54613,-21.31194,648.0],[55.54627,-21.31197,648.0],[55.54628,-21.31191,648.0],[55.5463,-21.31189,648.0],[55.54644,-21.31188,651.0],[55.54654,-21.31185,645.0],[55.54671,-21.31184,654.0],[55.54685,-21.31176,648.0],[55.547,-21.31172,647.0],[55.54712,-21.31173,652.0],[55.54735,-21.3118,660.0],[55.54756,-21.31175,659.0],[55.54768,-21.3117,659.0],[55.54786,-21.31166,666.0],[55.548,-21.31162,666.0],[55.54821,-21.31153,675.0],[55.54836,-21.31141,677.0],[55.5484,-21.31133,675.0],[55.54845,-21.31128,677.0],[55.54852,-21.31126,679.0],[55.54861,-21.31121,679.0],[55.54872,-21.31119,675.0],[55.54885,-21.31115,676.0],[55.54901,-21.31117,676.0],[55.54913,-21.31115,677.0],[55.54942,-21.31112,679.0],[55.54981,-21.31113,681.0],[55.55016,-21.311,685.0],[55.55039,-21.31093,696.0],[55.55057,-21.31092,689.0],[55.55088,-21.31083,694.0],[55.55098,-21.31068,694.0],[55.55118,-21.31061,693.0],[55.55133,-21.31052,692.0],[55.5515,-21.31048,692.0],[55.55172,-21.3104,698.0],[55.55188,-21.31027,701.0],[55.552,-21.31023,700.0],[55.55211,-21.31015,710.0],[55.55222,-21.31022,710.0],[55.55237,-21.31022,710.0],[55.55251,-21.31024,710.0],[55.55267,-21.3102,712.0],[55.55295,-21.31016,711.0],[55.55305,-21.31023,714.0],[55.55307,-21.31033,714.0],[55.55305,-21.31043,715.0],[55.55305,-21.31058,715.0],[55.55336,-21.31069,722.0],[55.55349,-21.3108,722.0],[55.55362,-21.31099,726.0],[55.55369,-21.31103,726.0],[55.55378,-21.31101,726.0],[55.55393,-21.31101,727.0],[55.55402,-21.31102,727.0],[55.55412,-21.31101,728.0],[55.55429,-21.31102,728.0],[55.5544,-21.31105,728.0],[55.55451,-21.31116,729.0],[55.55467,-21.31113,730.0],[55.55483,-21.31103,730.0],[55.55502,-21.31102,730.0],[55.5551,-21.31096,730.0],[55.55515,-21.3108,730.0],[55.55513,-21.31065,730.0],[55.55519,-21.31052,731.0],[55.55531,-21.31048,739.0],[55.5556,-21.31032,739.0],[55.55575,-21.31018,740.0],[55.55585,-21.31013,740.0],[55.55593,-21.31006,737.0],[55.55613,-21.31005,742.0],[55.55626,-21.30997,742.0],[55.55653,-21.30977,750.0],[55.55659,-21.30968,750.0],[55.55678,-21.30962,753.0],[55.55696,-21.30959,756.0],[55.55695,-21.30951,756.0],[55.55684,-21.30946,759.0],[55.55681,-21.30934,759.0],[55.55706,-21.3092,763.0],[55.5572,-21.30916,769.0],[55.55754,-21.30896,769.0],[55.55771,-21.30893,775.0],[55.55776,-21.30888,775.0],[55.55777,-21.30883,775.0],[55.55779,-21.30878,775.0],[55.55781,-21.30868,776.0],[55.5579,-21.30848,774.0],[55.55793,-21.30835,774.0],[55.55782,-21.30824,774.0],[55.55778,-21.30817,774.0],[55.55777,-21.30817,774.0],[55.55776,-21.30805,771.0],[55.5578,-21.30796,771.0],[55.55794,-21.30789,767.0],[55.55817,-21.30788,774.0],[55.55844,-21.30791,777.0],[55.55862,-21.30794,779.0],[55.55875,-21.30795,779.0],[55.55903,-21.30786,784.0],[55.55915,-21.30789,789.0],[55.55926,-21.30787,789.0],[55.55936,-21.30783,789.0],[55.55942,-21.30772,793.0],[55.5595,-21.30763,793.0],[55.55959,-21.3075,793.0],[55.5597,-21.30737,797.0],[55.55989,-21.3072,797.0],[55.56009,-21.30702,801.0],[55.56022,-21.30698,805.0],[55.56033,-21.30681,805.0],[55.56048,-21.30665,807.0],[55.56061,-21.30655,813.0],[55.56064,-21.30651,813.0],[55.56091,-21.3064,819.0],[55.56096,-21.30642,819.0],[55.56102,-21.30646,824.0],[55.56122,-21.30653,823.0],[55.56135,-21.30646,827.0],[55.56143,-21.30644,827.0],[55.56159,-21.30644,827.0],[55.5617,-21.30642,830.0],[55.56196,-21.30641,832.0],[55.56228,-21.30637,837.0],[55.56243,-21.30634,841.0],[55.56264,-21.30626,841.0],[55.56283,-21.30622,846.0],[55.56296,-21.30616,853.0],[55.56315,-21.30611,855.0],[55.56341,-21.306,856.0],[55.56352,-21.30591,856.0],[55.5637,-21.30568,861.0],[55.5641,-21.30533,879.0],[55.56439,-21.30513,882.0],[55.56448,-21.30499,888.0],[55.56469,-21.30488,883.0],[55.56495,-21.30468,891.0],[55.56511,-21.3045,891.0],[55.56523,-21.30449,902.0],[55.56548,-21.30449,902.0],[55.56575,-21.30459,903.0],[55.56582,-21.30467,903.0],[55.56625,-21.30449,907.0],[55.5665,-21.30443,908.0],[55.56678,-21.30447,907.0],[55.56707,-21.30441,907.0],[55.56714,-21.30429,907.0],[55.56718,-21.30414,907.0],[55.5672,-21.30409,907.0],[55.56727,-21.30397,922.0],[55.56741,-21.30386,916.0],[55.56755,-21.30371,916.0],[55.56775,-21.30354,928.0],[55.56783,-21.3035,928.0],[55.56787,-21.30346,928.0],[55.56821,-21.30326,943.0],[55.56847,-21.30318,943.0],[55.56858,-21.30311,947.0],[55.56862,-21.3031,947.0],[55.56903,-21.30307,959.0],[55.56929,-21.30289,966.0],[55.5695,-21.3028,966.0],[55.56967,-21.30271,970.0],[55.56971,-21.30267,970.0],[55.56979,-21.30245,970.0],[55.56988,-21.30239,970.0],[55.57005,-21.3023,970.0],[55.57012,-21.30225,969.0],[55.57029,-21.30217,970.0],[55.5705,-21.30217,970.0],[55.57068,-21.30219,973.0],[55.57073,-21.30218,977.0],[55.57084,-21.3021,977.0],[55.57096,-21.30197,984.0],[55.57105,-21.30183,989.0],[55.57113,-21.30166,988.0],[55.57117,-21.30161,993.0],[55.57134,-21.30155,996.0],[55.57158,-21.30144,992.0],[55.57185,-21.30133,996.0],[55.57192,-21.30129,997.0],[55.57197,-21.30124,997.0],[55.57203,-21.30128,997.0],[55.57215,-21.30134,997.0],[55.5726,-21.30141,998.0],[55.57283,-21.30143,996.0],[55.57305,-21.30141,998.0],[55.57314,-21.30138,998.0],[55.57316,-21.3014,998.0],[55.57315,-21.30145,998.0],[55.5731,-21.30153,1000.0],[55.57309,-21.30158,995.0],[55.57316,-21.30171,995.0],[55.57328,-21.30189,997.0],[55.57348,-21.30216,996.0],[55.57353,-21.30228,998.0],[55.57353,-21.3024,999.0],[55.57349,-21.30255,996.0],[55.5736,-21.30269,1003.0],[55.57357,-21.30273,1003.0],[55.57349,-21.30271,1000.0],[55.57337,-21.30266,1000.0],[55.5733,-21.30265,1000.0],[55.57321,-21.30268,1000.0],[55.57343,-21.30288,1000.0],[55.57353,-21.30294,1013.0],[55.57383,-21.30306,1007.0],[55.57407,-21.30326,1014.0],[55.57414,-21.3033,1020.0],[55.57419,-21.30331,1020.0],[55.57424,-21.30329,1020.0],[55.57461,-21.30301,1025.0],[55.57506,-21.30276,1025.0],[55.57517,-21.30274,1025.0],[55.57557,-21.30281,1026.0],[55.57591,-21.30288,1028.0],[55.57607,-21.30295,1037.0],[55.57623,-21.30306,1037.0],[55.5765,-21.30329,1038.0],[55.57663,-21.30339,1042.0],[55.57677,-21.30343,1039.0],[55.57697,-21.30344,1042.0],[55.57713,-21.30342,1041.0],[55.57747,-21.30331,1046.0],[55.57758,-21.30329,1046.0],[55.57811,-21.30332,1054.0],[55.5783,-21.30332,1058.0],[55.57845,-21.30327,1058.0],[55.57867,-21.30316,1063.0],[55.57876,-21.30314,1063.0],[55.57906,-21.30314,1065.0],[55.57916,-21.3031,1063.0],[55.57933,-21.30295,1073.0],[55.57939,-21.30293,1073.0],[55.57947,-21.30292,1077.0],[55.57972,-21.30295,1085.0],[55.5798,-21.30294,1085.0],[55.58007,-21.30288,1096.0],[55.58054,-21.30258,1108.0],[55.5808,-21.3024,1112.0],[55.58092,-21.30236,1112.0],[55.58106,-21.30234,1113.0],[55.58138,-21.30232,1112.0],[55.58201,-21.30215,1119.0],[55.58247,-21.302,1128.0],[55.58267,-21.30198,1123.0],[55.58274,-21.302,1130.0],[55.5828,-21.30206,1135.0],[55.58287,-21.30215,1135.0],[55.58296,-21.30231,1133.0],[55.58307,-21.30243,1139.0],[55.58342,-21.30261,1139.0],[55.58349,-21.30266,1139.0],[55.58367,-21.30284,1139.0],[55.58357,-21.30302,1133.0],[55.58347,-21.30325,1132.0],[55.58335,-21.30352,1125.0],[55.58331,-21.30364,1125.0],[55.58326,-21.30375,1124.0],[55.58307,-21.30392,1120.0],[55.58302,-21.30398,1120.0],[55.58298,-21.30409,1119.0],[55.58291,-21.3042,1119.0],[55.58294,-21.30443,1113.0],[55.58291,-21.30452,1112.0],[55.58274,-21.30476,1112.0],[55.58273,-21.30487,1107.0],[55.58276,-21.30497,1107.0],[55.58298,-21.30516,1108.0],[55.58296,-21.30532,1108.0],[55.5828,-21.30537,1108.0],[55.58266,-21.30544,1104.0],[55.58258,-21.30554,1104.0],[55.58257,-21.30559,1104.0],[55.58277,-21.30569,1089.0],[55.58282,-21.30573,1089.0],[55.58283,-21.30582,1089.0],[55.58281,-21.3059,1086.0],[55.58267,-21.30606,1087.0],[55.58252,-21.30623,1084.0],[55.5825,-21.3063,1084.0],[55.58252,-21.30658,1080.0],[55.58246,-21.30664,1075.0],[55.58219,-21.30671,1076.0],[55.58215,-21.30675,1076.0],[55.58207,-21.30686,1069.0],[55.58205,-21.30699,1069.0],[55.58206,-21.30733,1061.0],[55.58208,-21.30774,1053.0],[55.58204,-21.30794,1052.0],[55.58192,-21.30811,1046.0],[55.58165,-21.30829,1045.0],[55.5816,-21.30834,1044.0],[55.58155,-21.30842,1038.0],[55.5815,-21.30865,1038.0],[55.58151,-21.30875,1034.0],[55.58162,-21.30891,1031.0],[55.58186,-21.30904,1028.0],[55.58192,-21.3091,1029.0],[55.58196,-21.30918,1029.0],[55.58195,-21.30936,1021.0],[55.58176,-21.30969,1018.0],[55.58193,-21.30967,1016.0],[55.58208,-21.30968,1018.0],[55.58228,-21.30973,1018.0],[55.58234,-21.30966,1018.0],[55.5824,-21.30964,1018.0],[55.58246,-21.3096,1022.0],[55.58253,-21.30953,1022.0],[55.5826,-21.30942,1023.0],[55.58264,-21.30939,1023.0],[55.5827,-21.30919,1020.0],[55.58293,-21.30895,1018.0],[55.5831,-21.30853,1011.0],[55.58336,-21.30813,1007.0],[55.58339,-21.3081,1007.0],[55.58344,-21.30811,1007.0],[55.58348,-21.30815,1007.0],[55.58345,-21.30825,1007.0],[55.58338,-21.3084,1007.0],[55.58336,-21.3085,1007.0],[55.58341,-21.30852,1007.0],[55.5835,-21.30842,1007.0],[55.58379,-21.30822,1007.0],[55.58384,-21.30809,1008.0],[55.58392,-21.308,1008.0],[55.58396,-21.3079,1008.0],[55.58396,-21.30777,1012.0],[55.58391,-21.30767,1012.0],[55.58392,-21.3076,1012.0],[55.58397,-21.30757,1012.0],[55.58405,-21.30759,1012.0],[55.5843,-21.30785,1018.0],[55.58448,-21.30787,1026.0],[55.58457,-21.30781,1026.0],[55.58467,-21.30777,1036.0],[55.58484,-21.30786,1036.0],[55.58492,-21.30799,1043.0],[55.58491,-21.30831,1030.0],[55.58489,-21.3088,1035.0],[55.58508,-21.30897,1036.0],[55.58526,-21.30897,1040.0],[55.58544,-21.30895,1040.0],[55.58564,-21.30883,1044.0],[55.58579,-21.30884,1050.0],[55.58589,-21.30895,1042.0],[55.586,-21.30925,1041.0],[55.58612,-21.30934,1030.0],[55.58617,-21.30944,1030.0],[55.58627,-21.30948,1030.0],[55.58637,-21.30944,1025.0],[55.58642,-21.30952,1018.0],[55.58646,-21.30957,1018.0],[55.5865,-21.30966,1018.0],[55.58649,-21.30971,1018.0],[55.58645,-21.30975,1018.0],[55.58639,-21.30993,1013.0],[55.5866,-21.31018,1015.0],[55.58671,-21.3103,1013.0],[55.58679,-21.31037,1013.0],[55.58684,-21.31045,1005.0],[55.58684,-21.31051,1005.0],[55.58689,-21.31059,1005.0],[55.5869,-21.31062,993.0],[55.58687,-21.311,992.0],[55.5868,-21.31105,992.0],[55.58672,-21.31124,989.0],[55.58663,-21.3115,981.0],[55.58663,-21.31155,981.0],[55.58669,-21.31193,980.0],[55.58669,-21.31214,980.0],[55.58673,-21.31245,971.0],[55.58681,-21.31257,971.0],[55.5867,-21.3127,967.0],[55.58665,-21.31272,967.0],[55.58661,-21.31276,967.0],[55.58659,-21.31281,972.0],[55.58656,-21.31294,966.0],[55.58669,-21.31296,965.0],[55.58692,-21.31302,962.0],[55.58702,-21.31293,962.0],[55.58709,-21.31291,962.0],[55.5872,-21.31289,964.0],[55.58724,-21.31286,961.0],[55.5873,-21.31289,961.0],[55.58731,-21.31295,967.0],[55.58731,-21.313,967.0],[55.58726,-21.31308,967.0],[55.58723,-21.31315,970.0],[55.58715,-21.31329,970.0],[55.58703,-21.31343,967.0],[55.58704,-21.31354,967.0],[55.58696,-21.31367,967.0],[55.58694,-21.31385,966.0],[55.58697,-21.31422,962.0],[55.58696,-21.31427,962.0],[55.58696,-21.31437,960.0],[55.58701,-21.31439,960.0],[55.5873,-21.31446,962.0],[55.58769,-21.31458,964.0],[55.58779,-21.31454,969.0],[55.58784,-21.31453,969.0],[55.58801,-21.31454,966.0],[55.58806,-21.31453,966.0],[55.58823,-21.31448,970.0],[55.58827,-21.31445,970.0],[55.5883,-21.31441,970.0],[55.58835,-21.31432,970.0],[55.58836,-21.31427,974.0],[55.58843,-21.31408,974.0],[55.58851,-21.31394,975.0],[55.58855,-21.3139,975.0],[55.58859,-21.31384,975.0],[55.58872,-21.31394,975.0],[55.58878,-21.31394,975.0],[55.58883,-21.31392,977.0],[55.58898,-21.3139,981.0],[55.58903,-21.31383,981.0],[55.58904,-21.31369,977.0],[55.58908,-21.31359,980.0],[55.58913,-21.31323,978.0],[55.58916,-21.31308,986.0],[55.5892,-21.31299,986.0],[55.58922,-21.31289,989.0],[55.58919,-21.31265,989.0],[55.58918,-21.31244,1002.0],[55.58922,-21.31242,1002.0],[55.5893,-21.31234,1002.0],[55.58954,-21.31213,1004.0],[55.58981,-21.31195,1008.0],[55.58994,-21.31185,1007.0],[55.59,-21.31183,1007.0],[55.59003,-21.31179,1010.0],[55.5902,-21.31167,1010.0],[55.59028,-21.31158,1012.0],[55.59044,-21.3115,1012.0],[55.59074,-21.31139,1017.0],[55.59082,-21.31138,1017.0],[55.591,-21.31126,1017.0],[55.59103,-21.31123,1012.0],[55.5911,-21.31113,1020.0],[55.59114,-21.3111,1020.0],[55.5912,-21.31102,1020.0],[55.59124,-21.31092,1020.0],[55.59124,-21.31082,1027.0],[55.59128,-21.31077,1027.0],[55.59122,-21.31065,1027.0],[55.59114,-21.31057,1032.0],[55.59111,-21.31053,1032.0],[55.59109,-21.31045,1032.0],[55.59097,-21.31038,1032.0],[55.59096,-21.31027,1032.0],[55.59094,-21.31016,1032.0],[55.59096,-21.31005,1034.0],[55.591,-21.3099,1034.0],[55.59098,-21.30984,1034.0],[55.59101,-21.30977,1048.0],[55.59095,-21.30965,1035.0],[55.59084,-21.30962,1041.0],[55.59075,-21.30968,1041.0],[55.5906,-21.30974,1033.0],[55.59056,-21.30978,1036.0],[55.59047,-21.30983,1028.0],[55.59006,-21.30999,1036.0],[55.59004,-21.3099,1032.0],[55.59011,-21.30982,1032.0],[55.59013,-21.30974,1034.0],[55.59021,-21.3097,1032.0],[55.59021,-21.30966,1032.0],[55.59025,-21.30961,1032.0],[55.5903,-21.30951,1038.0],[55.59033,-21.30947,1042.0],[55.59038,-21.30938,1042.0],[55.59045,-21.3093,1042.0],[55.5904,-21.30923,1049.0],[55.5903,-21.30922,1049.0],[55.59028,-21.3093,1042.0],[55.59023,-21.3094,1042.0],[55.59004,-21.30937,1047.0],[55.58994,-21.30942,1041.0],[55.58987,-21.30948,1053.0],[55.58977,-21.30948,1053.0],[55.5897,-21.30941,1053.0],[55.58975,-21.30933,1053.0],[55.58986,-21.30911,1061.0],[55.58983,-21.30903,1061.0],[55.58979,-21.30894,1066.0],[55.58966,-21.30889,1066.0],[55.58955,-21.30884,1067.0],[55.5895,-21.30881,1067.0],[55.58944,-21.30873,1067.0],[55.58947,-21.30863,1078.0],[55.58951,-21.30859,1078.0],[55.58959,-21.30854,1078.0],[55.58965,-21.30846,1069.0],[55.58986,-21.30836,1083.0],[55.58997,-21.30825,1071.0],[55.58993,-21.30818,1071.0],[55.58985,-21.30813,1083.0],[55.58983,-21.30808,1090.0],[55.58982,-21.30803,1090.0],[55.58976,-21.30802,1090.0],[55.58973,-21.30799,1090.0],[55.58972,-21.30789,1094.0],[55.58977,-21.3078,1087.0],[55.58988,-21.30778,1094.0],[55.58996,-21.30773,1085.0],[55.59001,-21.30771,1085.0],[55.59005,-21.30767,1089.0],[55.59011,-21.30755,1092.0],[55.59003,-21.30744,1092.0],[55.5899,-21.30736,1100.0],[55.58983,-21.30729,1109.0],[55.58981,-21.30724,1109.0],[55.58981,-21.3072,1109.0],[55.58987,-21.30705,1109.0],[55.59002,-21.30693,1115.0],[55.59007,-21.30691,1115.0],[55.59021,-21.30676,1128.0],[55.59016,-21.30668,1124.0],[55.59006,-21.30659,1124.0],[55.58997,-21.30647,1130.0],[55.58977,-21.3063,1136.0],[55.58978,-21.3062,1136.0],[55.58982,-21.3061,1144.0],[55.58995,-21.30601,1148.0],[55.59001,-21.306,1148.0],[55.5901,-21.30594,1148.0],[55.59017,-21.30596,1148.0],[55.59029,-21.30601,1155.0],[55.59034,-21.30601,1155.0],[55.5904,-21.30599,1155.0],[55.5905,-21.30602,1155.0],[55.59062,-21.30602,1155.0],[55.59066,-21.306,1155.0],[55.59074,-21.30594,1147.0],[55.59089,-21.30586,1159.0],[55.59095,-21.30577,1159.0],[55.59098,-21.30568,1159.0],[55.59108,-21.30556,1163.0],[55.59107,-21.30546,1163.0],[55.59099,-21.30544,1163.0],[55.5909,-21.30549,1163.0],[55.59085,-21.30558,1163.0],[55.59074,-21.30569,1161.0],[55.59062,-21.30578,1157.0],[55.59052,-21.30577,1157.0],[55.59041,-21.30561,1168.0],[55.59032,-21.30554,1164.0],[55.59021,-21.30536,1175.0],[55.59024,-21.30523,1175.0],[55.59033,-21.30512,1175.0],[55.59054,-21.30507,1186.0],[55.59066,-21.30506,1179.0],[55.59072,-21.305,1183.0],[55.59077,-21.30493,1183.0],[55.59082,-21.30481,1183.0],[55.59093,-21.30467,1188.0],[55.59085,-21.30465,1188.0],[55.5907,-21.30463,1198.0],[55.5906,-21.30465,1198.0],[55.59059,-21.3045,1198.0],[55.59061,-21.30423,1204.0],[55.59053,-21.30392,1210.0],[55.59047,-21.30358,1215.0],[55.59036,-21.30336,1216.0],[55.59038,-21.30325,1216.0],[55.59041,-21.3032,1216.0],[55.59049,-21.30313,1216.0],[55.59066,-21.30302,1224.0],[55.5907,-21.30293,1224.0],[55.59077,-21.30286,1227.0],[55.59083,-21.30277,1227.0],[55.59085,-21.30271,1227.0],[55.59089,-21.30267,1227.0],[55.5909,-21.30262,1227.0],[55.59088,-21.30241,1230.0],[55.59091,-21.3023,1230.0],[55.59096,-21.30221,1237.0],[55.59113,-21.30206,1241.0],[55.59115,-21.30201,1241.0],[55.59124,-21.30192,1247.0],[55.59128,-21.30189,1247.0],[55.59132,-21.30179,1257.0],[55.59142,-21.30173,1257.0],[55.59161,-21.30171,1258.0],[55.59162,-21.30166,1258.0],[55.59169,-21.30151,1258.0],[55.59177,-21.30145,1264.0],[55.59188,-21.30142,1264.0],[55.59189,-21.30136,1264.0],[55.59186,-21.30127,1264.0],[55.59186,-21.30122,1264.0],[55.59191,-21.30107,1268.0],[55.59206,-21.30093,1268.0],[55.5923,-21.30052,1276.0],[55.59239,-21.30038,1277.0],[55.59253,-21.30036,1281.0],[55.59273,-21.30023,1284.0],[55.59278,-21.30021,1284.0],[55.59287,-21.30013,1284.0],[55.59303,-21.30003,1296.0],[55.59306,-21.29998,1296.0],[55.59323,-21.29995,1301.0],[55.59333,-21.29991,1301.0],[55.59344,-21.2999,1301.0],[55.59357,-21.29994,1301.0],[55.59367,-21.29993,1301.0],[55.59373,-21.29995,1301.0],[55.59384,-21.29995,1306.0],[55.59392,-21.29994,1306.0],[55.59402,-21.29995,1306.0],[55.59414,-21.29989,1308.0],[55.59447,-21.29966,1315.0],[55.59467,-21.29948,1321.0],[55.59482,-21.29943,1321.0],[55.59492,-21.29941,1327.0],[55.59506,-21.29936,1327.0],[55.5952,-21.29937,1327.0],[55.59534,-21.29937,1333.0],[55.59539,-21.29939,1333.0],[55.59565,-21.29932,1337.0],[55.59574,-21.29931,1340.0],[55.59578,-21.29933,1340.0],[55.59586,-21.29926,1346.0],[55.596,-21.29923,1346.0],[55.59611,-21.29915,1346.0],[55.59624,-21.29916,1346.0],[55.5963,-21.29907,1346.0],[55.59643,-21.299,1344.0],[55.59652,-21.2988,1350.0],[55.59654,-21.29869,1355.0],[55.59654,-21.29859,1355.0],[55.59656,-21.29846,1355.0],[55.59664,-21.29842,1356.0],[55.59668,-21.29838,1361.0],[55.59676,-21.29826,1361.0],[55.59682,-21.29825,1361.0],[55.59692,-21.29816,1362.0],[55.59697,-21.29808,1365.0],[55.59705,-21.29801,1365.0],[55.59717,-21.29801,1367.0],[55.59726,-21.29792,1367.0],[55.59735,-21.29788,1374.0],[55.59737,-21.29783,1374.0],[55.5974,-21.29779,1374.0],[55.5974,-21.29774,1374.0],[55.59745,-21.29771,1378.0],[55.59747,-21.29767,1378.0],[55.59753,-21.29766,1378.0],[55.59769,-21.29761,1378.0],[55.59784,-21.29774,1379.0],[55.59788,-21.29782,1377.0],[55.59814,-21.29784,1379.0],[55.59824,-21.29776,1377.0],[55.59828,-21.2977,1377.0],[55.59839,-21.29759,1384.0],[55.59844,-21.2976,1377.0],[55.59847,-21.29756,1384.0],[55.59853,-21.29742,1378.0],[55.59864,-21.29733,1378.0],[55.59872,-21.29701,1384.0],[55.59866,-21.29676,1396.0],[55.59856,-21.29667,1396.0],[55.59853,-21.29652,1396.0],[55.59858,-21.29631,1404.0],[55.59851,-21.29623,1404.0],[55.59853,-21.29613,1410.0],[55.59852,-21.29599,1410.0],[55.59861,-21.29585,1420.0],[55.59861,-21.29565,1420.0],[55.59863,-21.29545,1422.0],[55.59868,-21.29536,1424.0],[55.59866,-21.29527,1424.0],[55.5987,-21.29522,1424.0],[55.59871,-21.29517,1424.0],[55.5987,-21.29512,1424.0],[55.59879,-21.29506,1432.0],[55.59878,-21.29497,1432.0],[55.59881,-21.29492,1426.0],[55.5989,-21.29485,1426.0],[55.59889,-21.29465,1437.0],[55.5989,-21.29456,1437.0],[55.59889,-21.29444,1454.0],[55.59882,-21.2943,1454.0],[55.59869,-21.29421,1465.0],[55.59862,-21.29417,1465.0],[55.59856,-21.294,1465.0],[55.59858,-21.29376,1478.0],[55.59856,-21.29367,1483.0],[55.59857,-21.29362,1483.0],[55.59856,-21.29357,1483.0],[55.59856,-21.29347,1483.0],[55.59857,-21.29342,1483.0],[55.5986,-21.29338,1493.0],[55.59862,-21.29315,1493.0],[55.59859,-21.29303,1507.0],[55.59853,-21.29294,1507.0],[55.5985,-21.29271,1501.0],[55.59856,-21.29258,1509.0],[55.59855,-21.29252,1509.0],[55.5986,-21.29249,1509.0],[55.59866,-21.29241,1509.0],[55.59866,-21.29226,1512.0],[55.59864,-21.29214,1512.0],[55.59867,-21.29197,1520.0],[55.59878,-21.29184,1520.0],[55.59882,-21.29181,1520.0],[55.59891,-21.29176,1528.0],[55.59899,-21.29168,1528.0],[55.59918,-21.29155,1527.0],[55.59934,-21.29141,1529.0],[55.59941,-21.29139,1531.0],[55.59955,-21.29133,1531.0],[55.59965,-21.29134,1531.0],[55.59973,-21.29126,1531.0],[55.59967,-21.29117,1535.0],[55.59961,-21.2911,1535.0],[55.59955,-21.29099,1537.0],[55.59953,-21.29086,1537.0],[55.59945,-21.29075,1541.0],[55.59928,-21.29047,1535.0],[55.59919,-21.29036,1533.0],[55.59902,-21.29028,1533.0],[55.59885,-21.29018,1533.0],[55.59872,-21.29008,1523.0],[55.5986,-21.29003,1523.0],[55.59841,-21.29001,1520.0],[55.59824,-21.2899,1520.0],[55.59809,-21.28979,1518.0],[55.59794,-21.2897,1516.0],[55.59775,-21.28961,1516.0],[55.59756,-21.28956,1514.0],[55.59746,-21.28948,1514.0],[55.5973,-21.28939,1511.0],[55.59717,-21.28929,1513.0],[55.5971,-21.28922,1509.0],[55.59692,-21.28913,1509.0],[55.59704,-21.28903,1509.0],[55.59705,-21.28898,1506.0],[55.59709,-21.28888,1513.0],[55.59713,-21.28873,1515.0],[55.59714,-21.28864,1517.0],[55.59722,-21.28859,1517.0],[55.59728,-21.28858,1517.0],[55.59741,-21.28848,1522.0],[55.5976,-21.28838,1521.0],[55.5978,-21.28825,1525.0],[55.59793,-21.28814,1525.0],[55.59803,-21.28803,1527.0],[55.59834,-21.28778,1526.0],[55.59854,-21.28756,1528.0],[55.59861,-21.28751,1528.0],[55.59872,-21.28746,1528.0],[55.59879,-21.28747,1528.0],[55.59895,-21.28754,1533.0],[55.59912,-21.28766,1535.0],[55.5992,-21.2877,1535.0],[55.59948,-21.28773,1538.0],[55.59961,-21.28771,1541.0],[55.59971,-21.28768,1541.0],[55.59975,-21.28764,1538.0],[55.59976,-21.28762,1541.0],[55.59983,-21.28733,1538.0],[55.59985,-21.28728,1540.0],[55.59991,-21.2872,1545.0],[55.59999,-21.28711,1545.0],[55.60007,-21.28705,1545.0],[55.60017,-21.28701,1545.0],[55.6003,-21.28693,1553.0],[55.60038,-21.28689,1553.0],[55.60042,-21.28685,1553.0],[55.60046,-21.28676,1558.0],[55.60047,-21.2867,1558.0],[55.60047,-21.2866,1558.0],[55.60052,-21.28652,1560.0],[55.60054,-21.2865,1560.0],[55.60062,-21.28646,1559.0],[55.60071,-21.28645,1561.0],[55.60093,-21.2865,1563.0],[55.60108,-21.2865,1568.0],[55.60119,-21.28649,1565.0],[55.60138,-21.28645,1574.0],[55.60158,-21.28643,1574.0],[55.60167,-21.28641,1582.0],[55.60198,-21.28618,1583.0],[55.60237,-21.28584,1584.0],[55.6026,-21.28566,1586.0],[55.60281,-21.28548,1588.0],[55.60292,-21.28542,1588.0],[55.60317,-21.28532,1589.0],[55.60328,-21.2853,1593.0],[55.60343,-21.28529,1593.0],[55.60353,-21.28526,1587.0],[55.60367,-21.28516,1590.0],[55.60388,-21.28499,1586.0],[55.60394,-21.28487,1585.0],[55.60388,-21.28465,1586.0],[55.60371,-21.28439,1587.0],[55.60367,-21.28435,1587.0],[55.60353,-21.28412,1587.0],[55.60354,-21.28382,1592.0],[55.60347,-21.2835,1592.0],[55.60337,-21.28322,1592.0],[55.60321,-21.28293,1590.0],[55.60318,-21.28279,1597.0],[55.60318,-21.28273,1597.0],[55.60326,-21.28259,1575.0],[55.60334,-21.28243,1575.0],[55.60333,-21.28224,1583.0],[55.6032,-21.28201,1591.0],[55.60317,-21.28182,1599.0],[55.60319,-21.28161,1589.0],[55.60322,-21.28153,1584.0],[55.6034,-21.28136,1592.0],[55.60344,-21.28124,1588.0],[55.6034,-21.28111,1596.0],[55.60335,-21.28103,1596.0],[55.60319,-21.28088,1589.0],[55.60316,-21.28077,1603.0],[55.60324,-21.28058,1582.0],[55.60333,-21.28041,1582.0],[55.60336,-21.28029,1580.0],[55.60333,-21.28013,1580.0],[55.60326,-21.27997,1579.0],[55.60329,-21.27982,1579.0],[55.60332,-21.27971,1589.0],[55.60332,-21.27958,1574.0],[55.60331,-21.27949,1589.0],[55.60337,-21.27918,1600.0],[55.60335,-21.27906,1600.0],[55.60333,-21.279,1600.0],[55.60328,-21.27892,1608.0],[55.60319,-21.27881,1619.0],[55.60299,-21.27852,1619.0],[55.60296,-21.27846,1619.0],[55.60292,-21.27826,1617.0],[55.60291,-21.27805,1615.0],[55.60289,-21.27803,1615.0],[55.60285,-21.27795,1615.0],[55.60279,-21.27791,1615.0],[55.60259,-21.2778,1615.0],[55.60249,-21.27769,1615.0],[55.60227,-21.27731,1613.0],[55.60221,-21.27709,1606.0],[55.60212,-21.2769,1610.0],[55.60206,-21.27672,1609.0],[55.60184,-21.27641,1609.0],[55.6018,-21.27627,1607.0],[55.60176,-21.27596,1609.0],[55.60178,-21.27579,1614.0],[55.60177,-21.27564,1614.0],[55.60179,-21.27554,1618.0],[55.60179,-21.27541,1618.0],[55.60173,-21.27512,1614.0],[55.60172,-21.27491,1609.0],[55.60166,-21.2747,1616.0],[55.60139,-21.27421,1618.0],[55.60129,-21.27412,1618.0],[55.60096,-21.27391,1617.0],[55.60083,-21.27382,1621.0],[55.60061,-21.27374,1617.0],[55.60051,-21.27359,1621.0],[55.60045,-21.27321,1618.0],[55.60041,-21.27305,1626.0],[55.60034,-21.27287,1623.0],[55.60031,-21.27272,1630.0],[55.60033,-21.27249,1629.0],[55.60031,-21.27237,1629.0],[55.60027,-21.27223,1628.0],[55.60018,-21.2721,1627.0],[55.6001,-21.27194,1628.0],[55.60007,-21.27185,1628.0],[55.6001,-21.27171,1628.0],[55.60008,-21.27159,1628.0],[55.59997,-21.27154,1628.0],[55.59994,-21.27149,1628.0],[55.59996,-21.27139,1628.0],[55.59978,-21.27126,1625.0],[55.59968,-21.2712,1629.0],[55.59963,-21.27099,1630.0],[55.59961,-21.27094,1626.0],[55.59947,-21.27082,1627.0],[55.59917,-21.27072,1623.0],[55.59905,-21.27066,1619.0],[55.59885,-21.27062,1619.0],[55.59875,-21.27055,1614.0],[55.59872,-21.27052,1614.0],[55.59869,-21.27046,1614.0],[55.59869,-21.27033,1618.0],[55.59865,-21.27023,1613.0],[55.59857,-21.27008,1618.0],[55.59848,-21.27002,1608.0],[55.59835,-21.27002,1608.0],[55.59822,-21.27003,1608.0],[55.59813,-21.27003,1604.0],[55.5981,-21.27002,1604.0],[55.59804,-21.26997,1604.0],[55.59793,-21.26983,1607.0],[55.59785,-21.26976,1611.0],[55.59767,-21.26967,1607.0],[55.59756,-21.26954,1607.0],[55.59751,-21.26943,1609.0],[55.59747,-21.26931,1609.0],[55.59741,-21.26892,1619.0],[55.59742,-21.26879,1619.0],[55.59748,-21.26869,1624.0],[55.59772,-21.26841,1620.0],[55.59774,-21.26836,1629.0],[55.59775,-21.26831,1629.0],[55.59772,-21.26824,1629.0],[55.5976,-21.26814,1621.0],[55.59739,-21.26802,1622.0],[55.59729,-21.26794,1622.0],[55.59727,-21.26785,1627.0],[55.5973,-21.26777,1627.0],[55.59736,-21.26773,1627.0],[55.59753,-21.26771,1634.0],[55.59772,-21.26774,1640.0],[55.59783,-21.26774,1640.0],[55.59803,-21.26772,1649.0],[55.59817,-21.26767,1649.0],[55.59826,-21.26758,1657.0],[55.59837,-21.26742,1651.0],[55.5985,-21.26707,1653.0],[55.5986,-21.26686,1656.0],[55.59865,-21.26677,1657.0],[55.59873,-21.26674,1657.0],[55.59874,-21.26674,1657.0],[55.59883,-21.2668,1664.0],[55.59899,-21.26693,1659.0],[55.59915,-21.26714,1662.0],[55.59921,-21.26716,1662.0],[55.59925,-21.26716,1662.0],[55.59929,-21.26714,1662.0],[55.59947,-21.26679,1674.0],[55.59957,-21.26666,1674.0],[55.59969,-21.26651,1680.0],[55.6,-21.26624,1686.0],[55.60003,-21.26621,1686.0],[55.60007,-21.26615,1687.0],[55.60011,-21.26597,1687.0],[55.60013,-21.26578,1687.0],[55.60017,-21.26567,1687.0],[55.60022,-21.2656,1691.0],[55.60036,-21.26551,1692.0],[55.60069,-21.26545,1699.0],[55.6009,-21.26542,1700.0],[55.60102,-21.26536,1708.0],[55.60108,-21.26531,1708.0],[55.6011,-21.26524,1708.0],[55.60111,-21.26517,1708.0],[55.6011,-21.26507,1705.0],[55.60104,-21.26484,1709.0],[55.60096,-21.26461,1702.0],[55.60086,-21.26432,1705.0],[55.60077,-21.26403,1709.0],[55.60066,-21.26374,1710.0],[55.60056,-21.2634,1711.0],[55.60042,-21.26295,1712.0],[55.6003,-21.26245,1715.0],[55.60016,-21.26193,1720.0],[55.60005,-21.26159,1724.0],[55.59991,-21.26115,1723.0],[55.59983,-21.26084,1723.0],[55.59974,-21.26052,1729.0],[55.59967,-21.2602,1736.0],[55.59963,-21.25978,1736.0],[55.5996,-21.25937,1736.0],[55.59956,-21.25894,1736.0],[55.59952,-21.25876,1739.0],[55.59944,-21.25853,1734.0],[55.59936,-21.25826,1736.0],[55.59923,-21.25798,1738.0],[55.59917,-21.25783,1740.0],[55.59913,-21.25766,1740.0],[55.59912,-21.25756,1745.0],[55.59913,-21.25743,1745.0],[55.59917,-21.25728,1746.0],[55.59925,-21.25711,1746.0],[55.5994,-21.2569,1746.0],[55.59973,-21.25658,1743.0],[55.59989,-21.25645,1748.0],[55.60003,-21.25622,1742.0],[55.60012,-21.25596,1741.0],[55.60015,-21.25549,1738.0],[55.60015,-21.25496,1741.0],[55.60014,-21.25466,1734.0],[55.60012,-21.25456,1745.0],[55.60003,-21.25424,1728.0],[55.59991,-21.25375,1726.0],[55.59987,-21.25352,1730.0],[55.59986,-21.25336,1724.0],[55.59989,-21.25319,1724.0],[55.59997,-21.25295,1717.0],[55.60006,-21.25269,1718.0],[55.60009,-21.25231,1719.0],[55.60018,-21.25179,1721.0],[55.60036,-21.25129,1723.0],[55.60039,-21.25119,1725.0],[55.60039,-21.25101,1725.0],[55.60037,-21.25079,1725.0],[55.6003,-21.25058,1729.0],[55.60019,-21.25002,1736.0],[55.60014,-21.24981,1736.0],[55.60007,-21.24966,1732.0],[55.60003,-21.24959,1737.0],[55.59987,-21.24944,1731.0],[55.59958,-21.24925,1731.0],[55.59916,-21.24901,1727.0],[55.59901,-21.24891,1725.0],[55.59866,-21.24865,1721.0],[55.59856,-21.24861,1721.0],[55.59853,-21.24861,1721.0],[55.59847,-21.24866,1714.0],[55.5983,-21.24892,1714.0],[55.59824,-21.24902,1715.0],[55.59815,-21.2493,1708.0],[55.5981,-21.24939,1708.0],[55.59805,-21.24943,1708.0],[55.59794,-21.24948,1702.0],[55.59784,-21.24949,1702.0],[55.59772,-21.24947,1702.0],[55.59752,-21.24939,1699.0],[55.59746,-21.24935,1699.0],[55.59739,-21.24928,1699.0],[55.59735,-21.24919,1699.0],[55.59731,-21.24902,1699.0],[55.5973,-21.24889,1699.0],[55.59726,-21.24875,1699.0],[55.59717,-21.24852,1694.0],[55.59694,-21.24811,1692.0],[55.59688,-21.24806,1688.0],[55.59674,-21.24798,1688.0],[55.59639,-21.24782,1692.0],[55.59629,-21.24771,1686.0],[55.59628,-21.24768,1686.0],[55.59626,-21.24749,1693.0],[55.59631,-21.24719,1694.0],[55.59642,-21.24686,1699.0],[55.59657,-21.24651,1704.0],[55.59662,-21.24634,1708.0],[55.59661,-21.24615,1704.0],[55.59658,-21.24607,1700.0],[55.59641,-21.24579,1704.0],[55.5962,-21.24553,1704.0],[55.59598,-21.24525,1706.0],[55.59588,-21.24515,1706.0],[55.59572,-21.24502,1710.0],[55.59556,-21.24493,1707.0],[55.59512,-21.24477,1711.0],[55.59493,-21.24464,1716.0],[55.59476,-21.24448,1709.0],[55.59459,-21.24434,1707.0],[55.59453,-21.24431,1707.0],[55.59435,-21.2443,1704.0],[55.59414,-21.24438,1704.0],[55.59408,-21.24441,1699.0],[55.59403,-21.24451,1697.0],[55.594,-21.24461,1697.0],[55.59397,-21.24484,1698.0],[55.59391,-21.24516,1692.0],[55.59386,-21.24549,1687.0],[55.59388,-21.24572,1686.0],[55.59391,-21.24573,1686.0],[55.59407,-21.24573,1686.0],[55.59408,-21.2458,1686.0],[55.59404,-21.24587,1686.0],[55.594,-21.2459,1685.0],[55.59386,-21.24596,1685.0],[55.59376,-21.24603,1684.0],[55.59371,-21.24611,1688.0],[55.5936,-21.2462,1680.0],[55.59349,-21.24621,1682.0],[55.59337,-21.24619,1682.0],[55.59322,-21.24615,1682.0],[55.59304,-21.24606,1678.0],[55.59285,-21.24593,1673.0],[55.59265,-21.2458,1672.0],[55.59248,-21.24567,1672.0],[55.5922,-21.24549,1666.0],[55.59199,-21.24542,1662.0],[55.59176,-21.24536,1664.0],[55.59153,-21.24529,1661.0],[55.5914,-21.24522,1661.0],[55.59125,-21.24508,1661.0],[55.59113,-21.24489,1661.0],[55.591,-21.24469,1661.0],[55.59085,-21.24444,1663.0],[55.59076,-21.24427,1665.0],[55.59082,-21.24418,1665.0],[55.59094,-21.24408,1665.0],[55.59119,-21.24377,1671.0],[55.59127,-21.2437,1671.0],[55.59139,-21.24363,1675.0],[55.59145,-21.24357,1670.0],[55.59136,-21.2435,1675.0],[55.5912,-21.24349,1670.0],[55.59109,-21.24347,1670.0],[55.59098,-21.24342,1666.0],[55.59096,-21.2434,1666.0],[55.59092,-21.2433,1669.0],[55.59097,-21.24314,1663.0],[55.59106,-21.24298,1668.0],[55.59108,-21.24293,1668.0],[55.59108,-21.24286,1670.0],[55.59103,-21.24281,1670.0],[55.59097,-21.24277,1669.0],[55.59088,-21.24273,1667.0],[55.5908,-21.24266,1667.0],[55.59079,-21.24264,1667.0],[55.59078,-21.24251,1670.0],[55.59079,-21.24242,1670.0],[55.59086,-21.24235,1670.0],[55.59097,-21.24231,1670.0],[55.59106,-21.24233,1673.0],[55.59125,-21.24245,1673.0],[55.59139,-21.24251,1678.0],[55.59155,-21.24249,1678.0],[55.59178,-21.24242,1683.0],[55.59202,-21.24243,1683.0],[55.59212,-21.24241,1687.0],[55.59228,-21.24222,1690.0],[55.59253,-21.24219,1689.0],[55.59278,-21.24215,1691.0],[55.59293,-21.24204,1691.0],[55.59295,-21.24201,1691.0],[55.59293,-21.24192,1691.0],[55.59277,-21.24168,1691.0],[55.59274,-21.24161,1691.0],[55.59271,-21.24142,1696.0],[55.59276,-21.24128,1696.0],[55.59283,-21.24117,1700.0],[55.59293,-21.24106,1700.0],[55.59308,-21.24095,1704.0],[55.59314,-21.24087,1701.0],[55.59321,-21.24069,1706.0],[55.5933,-21.24059,1708.0],[55.59339,-21.24052,1708.0],[55.59343,-21.24047,1706.0],[55.59346,-21.2404,1708.0],[55.59345,-21.24027,1706.0],[55.59345,-21.24016,1706.0],[55.59347,-21.24014,1706.0],[55.59357,-21.24009,1707.0],[55.59369,-21.24005,1707.0],[55.59376,-21.24,1707.0],[55.59377,-21.23989,1707.0],[55.59356,-21.23961,1709.0],[55.59354,-21.23948,1713.0],[55.59362,-21.23932,1713.0],[55.59377,-21.23892,1715.0],[55.59394,-21.23889,1719.0],[55.59409,-21.23892,1714.0],[55.59412,-21.23882,1723.0],[55.59408,-21.23874,1719.0],[55.59407,-21.23864,1714.0],[55.59415,-21.23854,1723.0],[55.59437,-21.2385,1723.0],[55.59468,-21.23841,1733.0],[55.59481,-21.23831,1727.0],[55.59506,-21.23826,1733.0],[55.59508,-21.23816,1733.0],[55.59491,-21.23809,1731.0],[55.59472,-21.23803,1729.0],[55.59464,-21.23809,1729.0],[55.59451,-21.23802,1724.0],[55.59445,-21.23801,1724.0],[55.59435,-21.23793,1724.0],[55.59429,-21.23776,1720.0],[55.59434,-21.23765,1726.0],[55.59436,-21.23764,1720.0],[55.59446,-21.23762,1726.0],[55.59455,-21.23762,1726.0],[55.59479,-21.23772,1729.0],[55.59495,-21.23776,1734.0],[55.59518,-21.23775,1734.0],[55.5954,-21.23776,1742.0],[55.5956,-21.23784,1746.0],[55.59575,-21.23782,1756.0],[55.59591,-21.23772,1756.0],[55.59593,-21.23769,1756.0],[55.59594,-21.23766,1756.0],[55.59591,-21.23759,1757.0],[55.59584,-21.23753,1757.0],[55.59575,-21.23748,1755.0],[55.59573,-21.23743,1757.0],[55.59577,-21.23738,1757.0],[55.59597,-21.23718,1754.0],[55.59608,-21.23706,1759.0],[55.59615,-21.237,1759.0],[55.59629,-21.23693,1761.0],[55.59642,-21.23687,1761.0],[55.59654,-21.23685,1761.0],[55.5968,-21.23686,1769.0],[55.59696,-21.23688,1773.0],[55.59716,-21.23689,1779.0],[55.59763,-21.23686,1785.0],[55.59772,-21.23684,1791.0],[55.59776,-21.23682,1791.0],[55.59776,-21.23678,1797.0],[55.59771,-21.23672,1797.0],[55.59754,-21.23662,1789.0],[55.59749,-21.23654,1789.0],[55.59747,-21.23645,1790.0],[55.5975,-21.23636,1788.0],[55.59755,-21.23626,1790.0],[55.59764,-21.23617,1788.0],[55.59766,-21.2361,1788.0],[55.59761,-21.23595,1788.0],[55.59763,-21.23576,1791.0],[55.59763,-21.23562,1787.0],[55.5977,-21.23556,1788.0],[55.59775,-21.23548,1791.0],[55.59776,-21.23542,1795.0],[55.59769,-21.23539,1791.0],[55.59754,-21.23539,1791.0],[55.59748,-21.23531,1791.0],[55.59725,-21.23487,1786.0],[55.59716,-21.23465,1786.0],[55.59713,-21.23453,1786.0],[55.59711,-21.23435,1778.0],[55.59713,-21.23416,1778.0],[55.59731,-21.23395,1775.0],[55.59734,-21.23387,1775.0],[55.59733,-21.23384,1775.0],[55.59723,-21.23381,1775.0],[55.59698,-21.2338,1774.0],[55.59684,-21.23377,1769.0],[55.59679,-21.23374,1769.0],[55.59668,-21.23354,1769.0],[55.59663,-21.23349,1769.0],[55.59647,-21.2334,1765.0],[55.59629,-21.23332,1757.0],[55.59578,-21.23305,1753.0],[55.59571,-21.23299,1753.0],[55.59553,-21.23323,1753.0],[55.59545,-21.23328,1748.0],[55.59537,-21.23327,1748.0],[55.59532,-21.23322,1748.0],[55.5953,-21.23312,1748.0],[55.59533,-21.23301,1749.0],[55.59538,-21.23291,1749.0],[55.59537,-21.23279,1746.0],[55.59525,-21.23272,1746.0],[55.59515,-21.2326,1739.0],[55.59502,-21.23238,1739.0],[55.595,-21.23231,1739.0],[55.595,-21.23218,1737.0],[55.59508,-21.23199,1737.0],[55.59518,-21.23187,1733.0],[55.5953,-21.23179,1737.0],[55.59545,-21.23174,1735.0],[55.5955,-21.2317,1735.0],[55.59552,-21.23163,1737.0],[55.59549,-21.23156,1735.0],[55.59527,-21.23137,1737.0],[55.595,-21.23109,1734.0],[55.59498,-21.23103,1734.0],[55.59501,-21.23093,1734.0],[55.59509,-21.23072,1739.0],[55.59511,-21.23063,1732.0],[55.59515,-21.2306,1732.0],[55.59518,-21.23059,1730.0],[55.59554,-21.23059,1745.0],[55.59569,-21.23061,1745.0],[55.59577,-21.23061,1746.0],[55.59597,-21.23059,1746.0],[55.59609,-21.2306,1750.0],[55.59626,-21.23059,1752.0],[55.59635,-21.23058,1758.0],[55.59642,-21.23055,1758.0],[55.59652,-21.23054,1758.0],[55.59679,-21.23054,1766.0],[55.59689,-21.23053,1766.0],[55.59706,-21.23054,1768.0],[55.59713,-21.23051,1774.0],[55.59718,-21.23046,1774.0],[55.59725,-21.23042,1774.0],[55.59735,-21.23039,1775.0],[55.59747,-21.23033,1783.0],[55.59767,-21.23034,1783.0],[55.59789,-21.23038,1789.0],[55.59796,-21.23042,1790.0],[55.59808,-21.23047,1799.0],[55.59813,-21.23047,1799.0],[55.59825,-21.2305,1803.0],[55.59844,-21.2305,1803.0],[55.59852,-21.23054,1809.0],[55.59856,-21.23054,1809.0],[55.59881,-21.23046,1820.0],[55.59899,-21.23037,1822.0],[55.59926,-21.23029,1823.0],[55.59962,-21.23018,1835.0],[55.59974,-21.23015,1835.0],[55.59984,-21.23014,1835.0],[55.60007,-21.23016,1837.0],[55.60015,-21.23018,1837.0],[55.60034,-21.23031,1845.0],[55.60058,-21.23051,1853.0],[55.60067,-21.23055,1853.0],[55.60082,-21.2305,1863.0],[55.60092,-21.2306,1860.0],[55.60113,-21.23058,1869.0],[55.60158,-21.23057,1877.0],[55.60174,-21.23052,1889.0],[55.60192,-21.23033,1895.0],[55.60198,-21.23022,1895.0],[55.60218,-21.23003,1904.0],[55.60233,-21.22986,1904.0],[55.60244,-21.2298,1906.0],[55.60244,-21.22964,1908.0],[55.60249,-21.22951,1904.0],[55.60217,-21.22941,1904.0],[55.60207,-21.22933,1899.0],[55.6021,-21.22923,1897.0],[55.60211,-21.2291,1900.0],[55.60214,-21.22903,1905.0],[55.60213,-21.22887,1897.0],[55.6023,-21.22872,1901.0],[55.60241,-21.22859,1903.0],[55.60253,-21.22857,1903.0],[55.60269,-21.22851,1903.0],[55.60278,-21.22838,1902.0],[55.60267,-21.22831,1901.0],[55.6025,-21.22828,1901.0],[55.60231,-21.22818,1896.0],[55.60222,-21.22804,1899.0],[55.60218,-21.22796,1899.0],[55.6022,-21.22776,1899.0],[55.60228,-21.2276,1895.0],[55.60242,-21.2274,1899.0],[55.60243,-21.22734,1899.0],[55.60241,-21.22725,1892.0],[55.6024,-21.22706,1896.0],[55.60251,-21.22691,1894.0],[55.60257,-21.22681,1894.0],[55.60252,-21.22673,1895.0],[55.60232,-21.22667,1887.0],[55.60219,-21.22662,1887.0],[55.60211,-21.22653,1887.0],[55.60208,-21.22637,1884.0],[55.60217,-21.22616,1881.0],[55.60238,-21.22596,1881.0],[55.60242,-21.22591,1887.0],[55.60241,-21.22583,1891.0],[55.60237,-21.22578,1880.0],[55.6022,-21.22569,1880.0],[55.60206,-21.22567,1872.0],[55.60203,-21.22566,1872.0],[55.60197,-21.22562,1872.0],[55.60194,-21.22554,1872.0],[55.60195,-21.22539,1869.0],[55.60196,-21.22535,1869.0],[55.60201,-21.2253,1871.0],[55.60208,-21.22528,1869.0],[55.60223,-21.22519,1873.0],[55.60225,-21.22505,1871.0],[55.60218,-21.22494,1871.0],[55.60206,-21.22482,1865.0],[55.60195,-21.22469,1864.0],[55.60178,-21.22453,1864.0],[55.60167,-21.22445,1866.0],[55.60163,-21.22439,1866.0],[55.6016,-21.22429,1864.0],[55.60167,-21.22413,1873.0],[55.60165,-21.224,1862.0],[55.60155,-21.22384,1860.0],[55.60143,-21.2237,1861.0],[55.60142,-21.22364,1861.0],[55.60144,-21.22362,1861.0],[55.60159,-21.22353,1861.0],[55.60166,-21.2235,1868.0],[55.60179,-21.22343,1868.0],[55.60181,-21.2234,1868.0],[55.60177,-21.22334,1860.0],[55.60162,-21.2233,1869.0],[55.60141,-21.22321,1860.0],[55.60127,-21.22317,1853.0],[55.60117,-21.22315,1853.0],[55.601,-21.22308,1853.0],[55.60096,-21.22297,1853.0],[55.60098,-21.22288,1848.0],[55.601,-21.22264,1852.0],[55.60104,-21.22251,1851.0],[55.60105,-21.22249,1851.0],[55.60113,-21.22242,1854.0],[55.60125,-21.22235,1851.0],[55.60126,-21.22231,1851.0],[55.6012,-21.22225,1851.0],[55.60102,-21.22214,1856.0],[55.60079,-21.22204,1848.0],[55.60075,-21.22199,1849.0],[55.60075,-21.22187,1849.0],[55.60077,-21.22183,1849.0],[55.6009,-21.22166,1847.0],[55.60104,-21.2216,1849.0],[55.60113,-21.22157,1849.0],[55.60121,-21.22149,1844.0],[55.60121,-21.22146,1844.0],[55.60118,-21.22135,1844.0],[55.60119,-21.22125,1844.0],[55.60121,-21.22122,1844.0],[55.60135,-21.22111,1849.0],[55.60146,-21.22104,1842.0],[55.60147,-21.22102,1849.0],[55.60148,-21.22096,1849.0],[55.60142,-21.22088,1847.0],[55.60113,-21.22069,1840.0],[55.60103,-21.22055,1835.0],[55.60098,-21.22042,1839.0],[55.60103,-21.22025,1838.0],[55.60116,-21.22002,1841.0],[55.60115,-21.21992,1838.0],[55.60107,-21.21977,1840.0],[55.60094,-21.21963,1835.0],[55.60075,-21.21949,1840.0],[55.60064,-21.2194,1831.0],[55.60054,-21.21935,1831.0],[55.60042,-21.21931,1820.0],[55.60033,-21.21925,1820.0],[55.60023,-21.21909,1820.0],[55.60022,-21.2188,1818.0],[55.60024,-21.2187,1818.0],[55.60032,-21.21862,1812.0],[55.60052,-21.21849,1818.0],[55.60055,-21.21846,1818.0],[55.60056,-21.21844,1818.0],[55.60053,-21.2184,1818.0],[55.60044,-21.2184,1812.0],[55.60028,-21.21843,1812.0],[55.60018,-21.21847,1807.0],[55.60012,-21.21846,1807.0],[55.6001,-21.21845,1807.0],[55.60009,-21.21839,1803.0],[55.60013,-21.2183,1809.0],[55.60035,-21.21823,1807.0],[55.60039,-21.21823,1807.0],[55.60051,-21.21818,1809.0],[55.60053,-21.21808,1804.0],[55.60052,-21.21798,1806.0],[55.60054,-21.21792,1804.0],[55.60065,-21.21783,1798.0],[55.60089,-21.21774,1807.0],[55.60095,-21.21771,1805.0],[55.60098,-21.21768,1805.0],[55.60106,-21.21751,1807.0],[55.60113,-21.2173,1808.0],[55.60113,-21.21716,1807.0],[55.60105,-21.21699,1806.0],[55.60104,-21.21679,1804.0],[55.60089,-21.21669,1801.0],[55.60078,-21.21658,1803.0],[55.60077,-21.21643,1802.0],[55.60086,-21.21628,1803.0],[55.60102,-21.2162,1808.0],[55.60116,-21.21616,1804.0],[55.60131,-21.21608,1813.0],[55.60137,-21.21592,1804.0],[55.6015,-21.21578,1805.0],[55.60154,-21.21563,1802.0],[55.60152,-21.21555,1799.0],[55.60149,-21.21535,1803.0],[55.60157,-21.21523,1800.0],[55.60173,-21.2152,1804.0],[55.60186,-21.21519,1804.0],[55.60197,-21.21513,1810.0],[55.60199,-21.21509,1811.0],[55.60199,-21.21503,1811.0],[55.60195,-21.215,1811.0],[55.60191,-21.2149,1811.0],[55.60192,-21.21481,1811.0],[55.60196,-21.21474,1806.0],[55.60202,-21.21467,1806.0],[55.60215,-21.21458,1810.0],[55.60228,-21.21455,1813.0],[55.60234,-21.21451,1813.0],[55.60235,-21.21449,1809.0],[55.60235,-21.2144,1810.0],[55.60237,-21.21426,1805.0],[55.60248,-21.21415,1810.0],[55.60266,-21.21407,1810.0],[55.60272,-21.21403,1820.0],[55.60289,-21.21388,1819.0],[55.60303,-21.2138,1818.0],[55.60311,-21.21372,1830.0],[55.6031,-21.21367,1828.0],[55.603,-21.21347,1823.0],[55.60297,-21.21334,1819.0],[55.60304,-21.21327,1829.0],[55.60306,-21.21327,1829.0],[55.60315,-21.21331,1829.0],[55.60323,-21.21346,1839.0],[55.60326,-21.21355,1833.0],[55.6033,-21.21359,1839.0],[55.60332,-21.21359,1839.0],[55.60334,-21.21358,1839.0],[55.60336,-21.21352,1839.0],[55.60335,-21.21348,1839.0],[55.60325,-21.21325,1835.0],[55.60325,-21.21316,1838.0],[55.60328,-21.21312,1838.0],[55.60332,-21.21309,1831.0],[55.60337,-21.21308,1831.0],[55.60356,-21.21307,1834.0],[55.60358,-21.21306,1837.0],[55.60368,-21.21287,1834.0],[55.60373,-21.21284,1834.0],[55.60404,-21.21273,1844.0],[55.60416,-21.2127,1847.0],[55.60424,-21.21266,1847.0],[55.60421,-21.21257,1844.0],[55.60402,-21.21244,1845.0],[55.60387,-21.21236,1842.0],[55.6038,-21.21226,1841.0],[55.6038,-21.21212,1841.0],[55.60386,-21.21195,1836.0],[55.60389,-21.21192,1836.0],[55.60394,-21.21189,1841.0],[55.60403,-21.21187,1836.0],[55.60431,-21.21185,1842.0],[55.60446,-21.21182,1847.0],[55.60462,-21.21177,1849.0],[55.60477,-21.21177,1849.0],[55.60495,-21.2118,1853.0],[55.60501,-21.21179,1857.0],[55.60504,-21.21175,1857.0],[55.60503,-21.21166,1857.0],[55.60498,-21.21155,1857.0],[55.60496,-21.21143,1856.0],[55.60505,-21.21134,1856.0],[55.60524,-21.21128,1866.0],[55.60544,-21.2113,1866.0],[55.60551,-21.21133,1866.0],[55.60559,-21.21133,1871.0],[55.60561,-21.21128,1871.0],[55.60557,-21.21122,1871.0],[55.60543,-21.21107,1867.0],[55.60537,-21.21092,1867.0],[55.60532,-21.21054,1867.0],[55.60528,-21.21039,1868.0],[55.60528,-21.21026,1868.0],[55.60531,-21.2102,1868.0],[55.60538,-21.21015,1868.0],[55.60547,-21.21011,1868.0],[55.60574,-21.21002,1871.0],[55.60583,-21.20995,1877.0],[55.60586,-21.20989,1877.0],[55.60591,-21.20985,1877.0],[55.60596,-21.2097,1875.0],[55.60602,-21.20962,1878.0],[55.60606,-21.20959,1878.0],[55.60616,-21.20956,1878.0],[55.60633,-21.20954,1885.0],[55.60655,-21.20955,1885.0],[55.60663,-21.20949,1883.0],[55.60668,-21.20931,1887.0],[55.60671,-21.20926,1882.0],[55.60681,-21.20919,1891.0],[55.6069,-21.20918,1882.0],[55.60702,-21.20921,1890.0],[55.60715,-21.20922,1889.0],[55.60711,-21.20906,1899.0],[55.60709,-21.20894,1888.0],[55.60709,-21.20872,1887.0],[55.60707,-21.20859,1888.0],[55.60712,-21.2084,1892.0],[55.60716,-21.20836,1887.0],[55.60724,-21.20833,1892.0],[55.6073,-21.20833,1887.0],[55.60736,-21.20836,1887.0],[55.60739,-21.2084,1892.0],[55.60744,-21.20853,1897.0],[55.60752,-21.20861,1897.0],[55.60766,-21.20868,1897.0],[55.60777,-21.20867,1904.0],[55.60787,-21.20853,1897.0],[55.6079,-21.20837,1898.0],[55.6079,-21.20832,1898.0],[55.60776,-21.20823,1893.0],[55.60768,-21.20815,1891.0],[55.60747,-21.20786,1889.0],[55.60744,-21.20776,1889.0],[55.60745,-21.20765,1889.0],[55.60747,-21.20759,1882.0],[55.60758,-21.20735,1882.0],[55.60761,-21.20727,1878.0],[55.6076,-21.20721,1878.0],[55.60758,-21.20718,1878.0],[55.60754,-21.20715,1878.0],[55.60744,-21.20716,1878.0],[55.60735,-21.20719,1874.0],[55.60707,-21.20733,1871.0],[55.60701,-21.20735,1871.0],[55.60695,-21.20736,1871.0],[55.6069,-21.20734,1862.0],[55.60686,-21.20724,1868.0],[55.60686,-21.2072,1857.0],[55.60689,-21.20714,1857.0],[55.60703,-21.20696,1871.0],[55.60734,-21.20665,1872.0],[55.60746,-21.20651,1880.0],[55.60754,-21.2064,1871.0],[55.60753,-21.20635,1873.0],[55.60748,-21.20631,1873.0],[55.60742,-21.20628,1873.0],[55.6072,-21.20623,1871.0],[55.60701,-21.2062,1866.0],[55.60676,-21.20615,1861.0],[55.60648,-21.20609,1859.0],[55.60638,-21.20605,1859.0],[55.60631,-21.20597,1859.0],[55.60625,-21.20581,1850.0],[55.60621,-21.20564,1850.0],[55.60622,-21.20557,1849.0],[55.6063,-21.20553,1854.0],[55.6063,-21.20549,1849.0],[55.60621,-21.20514,1855.0],[55.60615,-21.20473,1854.0],[55.60603,-21.20422,1853.0],[55.60597,-21.20385,1844.0],[55.60591,-21.20355,1834.0],[55.60587,-21.20346,1834.0],[55.60581,-21.2034,1834.0],[55.60581,-21.20335,1829.0],[55.60583,-21.20319,1836.0],[55.60588,-21.20313,1829.0],[55.60596,-21.20294,1838.0],[55.60595,-21.2028,1831.0],[55.60607,-21.20274,1841.0],[55.60615,-21.20263,1850.0],[55.60615,-21.20258,1845.0],[55.60622,-21.20237,1840.0],[55.60642,-21.20212,1840.0],[55.60655,-21.20201,1840.0],[55.60669,-21.2018,1840.0],[55.60686,-21.20162,1838.0],[55.60693,-21.20152,1844.0],[55.60714,-21.20125,1847.0],[55.60727,-21.20111,1850.0],[55.60751,-21.20103,1850.0],[55.60756,-21.201,1850.0],[55.60764,-21.20085,1852.0],[55.60787,-21.20071,1852.0],[55.608,-21.20066,1857.0],[55.60826,-21.20053,1855.0],[55.60847,-21.20041,1855.0],[55.60869,-21.20027,1862.0],[55.60886,-21.20022,1864.0],[55.60891,-21.20022,1864.0],[55.60907,-21.20032,1864.0],[55.60911,-21.20033,1867.0],[55.60921,-21.20039,1867.0],[55.60928,-21.2004,1866.0],[55.6095,-21.20041,1867.0],[55.60962,-21.20048,1870.0],[55.60971,-21.20057,1870.0],[55.60972,-21.20064,1871.0],[55.60967,-21.20072,1871.0],[55.60965,-21.20078,1871.0],[55.60961,-21.20081,1871.0],[55.60955,-21.20084,1870.0],[55.60949,-21.20089,1870.0],[55.60938,-21.20104,1878.0],[55.60934,-21.20114,1878.0],[55.60925,-21.20122,1883.0],[55.60923,-21.20127,1880.0],[55.60913,-21.20141,1883.0],[55.60908,-21.20153,1882.0],[55.60906,-21.20166,1882.0],[55.60904,-21.20172,1882.0],[55.60899,-21.20176,1882.0],[55.60897,-21.20182,1889.0],[55.60897,-21.20189,1889.0],[55.60894,-21.20192,1889.0],[55.60889,-21.202,1886.0],[55.60881,-21.20206,1896.0],[55.60879,-21.20219,1891.0],[55.6088,-21.20228,1891.0],[55.60881,-21.20231,1894.0],[55.60888,-21.20247,1894.0],[55.60895,-21.20256,1894.0],[55.60899,-21.20267,1901.0],[55.60902,-21.2028,1901.0],[55.60917,-21.20304,1894.0],[55.60922,-21.20315,1894.0],[55.60921,-21.20319,1894.0],[55.60924,-21.20328,1894.0],[55.60924,-21.20333,1894.0],[55.6093,-21.20346,1885.0],[55.60924,-21.20355,1891.0],[55.60916,-21.20356,1885.0],[55.60909,-21.20355,1889.0],[55.60903,-21.20355,1889.0],[55.6089,-21.2036,1892.0],[55.60889,-21.20363,1889.0],[55.6089,-21.20366,1889.0],[55.6089,-21.20372,1894.0],[55.60888,-21.20382,1894.0],[55.60889,-21.20384,1894.0],[55.60895,-21.2039,1894.0],[55.60909,-21.20394,1894.0],[55.60921,-21.20406,1901.0],[55.60932,-21.20412,1901.0],[55.60936,-21.20415,1901.0],[55.60938,-21.20419,1901.0],[55.60939,-21.20426,1901.0],[55.60939,-21.20436,1915.0],[55.6094,-21.20438,1915.0],[55.60942,-21.20441,1914.0],[55.60944,-21.20442,1914.0],[55.60964,-21.20461,1924.0],[55.6097,-21.20475,1924.0],[55.60981,-21.20483,1934.0],[55.60987,-21.20483,1934.0],[55.60998,-21.20485,1936.0],[55.61008,-21.20484,1936.0],[55.61015,-21.20487,1936.0],[55.61016,-21.20494,1936.0],[55.61018,-21.20497,1936.0],[55.61024,-21.20501,1936.0],[55.61035,-21.20506,1936.0],[55.61038,-21.20507,1936.0],[55.61046,-21.20503,1936.0],[55.6105,-21.20502,1936.0],[55.61055,-21.20503,1934.0],[55.61063,-21.20508,1939.0],[55.61071,-21.20512,1943.0],[55.61086,-21.20522,1937.0],[55.61116,-21.20531,1941.0],[55.61131,-21.20531,1933.0],[55.61152,-21.20545,1946.0],[55.61174,-21.20559,1950.0],[55.61207,-21.20572,1968.0],[55.61216,-21.20573,1974.0],[55.61223,-21.20579,1974.0],[55.61229,-21.20579,1974.0],[55.61236,-21.20581,1974.0],[55.61243,-21.20582,1975.0],[55.61248,-21.20584,1975.0],[55.61256,-21.20584,1975.0],[55.61261,-21.20583,1975.0],[55.61272,-21.20577,1975.0],[55.61285,-21.2056,1977.0],[55.61307,-21.20545,1976.0],[55.61312,-21.20544,1976.0],[55.61316,-21.20542,1976.0],[55.61325,-21.20533,1979.0],[55.6134,-21.20524,1979.0],[55.61342,-21.2052,1979.0],[55.61341,-21.20517,1979.0],[55.61334,-21.20507,1983.0],[55.61336,-21.20502,1983.0],[55.61344,-21.20499,1983.0],[55.6135,-21.205,1983.0],[55.61355,-21.20499,1987.0],[55.61361,-21.20499,1987.0],[55.6139,-21.20485,1985.0],[55.61398,-21.20479,1987.0],[55.61408,-21.2047,1987.0],[55.61412,-21.20458,1988.0],[55.6142,-21.20446,1988.0],[55.61438,-21.20444,1988.0],[55.61443,-21.2044,1994.0],[55.61442,-21.20435,1994.0],[55.61443,-21.20431,1994.0],[55.61447,-21.20428,1998.0],[55.61463,-21.20421,2003.0],[55.61481,-21.20412,2003.0],[55.61487,-21.20412,2003.0],[55.61492,-21.2041,2003.0],[55.61515,-21.20394,2004.0],[55.6152,-21.20387,2004.0],[55.61543,-21.20376,2009.0],[55.61549,-21.20368,2007.0],[55.6155,-21.20365,2007.0],[55.6155,-21.20359,2007.0],[55.61548,-21.20356,2007.0],[55.61551,-21.20349,2012.0],[55.61559,-21.20344,2012.0],[55.61561,-21.20344,2012.0],[55.61566,-21.20346,2012.0],[55.61573,-21.20346,2014.0],[55.61579,-21.20342,2014.0],[55.61582,-21.20337,2013.0],[55.61583,-21.20332,2013.0],[55.61592,-21.20325,2013.0],[55.61607,-21.20316,2017.0],[55.61619,-21.20305,2026.0],[55.61622,-21.20288,2020.0],[55.61638,-21.20269,2026.0],[55.6164,-21.20265,2020.0],[55.6164,-21.20257,2021.0],[55.61637,-21.20246,2021.0],[55.61639,-21.20237,2017.0],[55.61644,-21.20235,2021.0],[55.61662,-21.20231,2020.0],[55.6168,-21.20225,2015.0],[55.6168,-21.2022,2015.0],[55.61677,-21.20215,2015.0],[55.61672,-21.20215,2015.0],[55.61661,-21.20211,2015.0],[55.61661,-21.20209,2015.0],[55.61665,-21.20206,2015.0],[55.61669,-21.20201,2015.0],[55.61672,-21.20193,2005.0],[55.61675,-21.20171,2008.0],[55.6168,-21.20162,1999.0],[55.61685,-21.20159,1999.0],[55.61695,-21.20157,2006.0],[55.61698,-21.20157,2001.0],[55.61709,-21.20162,2001.0],[55.61723,-21.20165,2007.0],[55.6173,-21.20159,2005.0],[55.61735,-21.20157,2005.0],[55.61739,-21.20159,2005.0],[55.61745,-21.20164,2008.0],[55.61771,-21.20164,2011.0],[55.61783,-21.20163,2011.0],[55.61796,-21.20161,2011.0],[55.6181,-21.20151,2016.0],[55.61816,-21.20149,2017.0],[55.61822,-21.2014,2022.0],[55.61824,-21.20138,2022.0],[55.61829,-21.20135,2022.0],[55.61831,-21.20135,2018.0],[55.61834,-21.20136,2022.0],[55.61842,-21.20148,2022.0],[55.61846,-21.20151,2019.0],[55.61858,-21.20168,2021.0],[55.61878,-21.20192,2030.0],[55.61883,-21.202,2034.0],[55.61896,-21.20214,2034.0],[55.61898,-21.20219,2034.0],[55.61907,-21.20228,2034.0],[55.6191,-21.20234,2038.0],[55.61911,-21.20235,2045.0],[55.61918,-21.20237,2045.0],[55.61927,-21.20243,2045.0],[55.61931,-21.20242,2045.0],[55.61934,-21.20243,2045.0],[55.61936,-21.20245,2045.0],[55.61936,-21.20249,2045.0],[55.61931,-21.20262,2045.0],[55.61925,-21.20287,2045.0],[55.61926,-21.2029,2047.0],[55.61928,-21.20293,2047.0],[55.61933,-21.20296,2047.0],[55.61934,-21.20301,2047.0],[55.61939,-21.20311,2049.0],[55.61944,-21.20313,2054.0],[55.6195,-21.20314,2054.0],[55.61967,-21.20319,2049.0],[55.61975,-21.20319,2053.0],[55.61984,-21.20317,2053.0],[55.61994,-21.20318,2050.0],[55.62011,-21.20315,2050.0],[55.62016,-21.20319,2050.0],[55.62019,-21.20323,2050.0],[55.62029,-21.20331,2037.0],[55.6203,-21.20333,2037.0],[55.62032,-21.20349,2044.0],[55.6203,-21.2036,2036.0],[55.62042,-21.20381,2039.0],[55.62048,-21.20387,2039.0],[55.62058,-21.20394,2036.0],[55.62061,-21.20398,2036.0],[55.62068,-21.20412,2039.0],[55.62077,-21.20422,2031.0],[55.62084,-21.20431,2036.0],[55.62093,-21.20439,2036.0],[55.62104,-21.20446,2036.0],[55.62111,-21.20446,2036.0],[55.62115,-21.20435,2036.0],[55.62112,-21.20431,2036.0],[55.62112,-21.2042,2035.0],[55.62111,-21.20411,2035.0],[55.62112,-21.20405,2035.0],[55.62111,-21.20398,2037.0],[55.62102,-21.20384,2037.0],[55.62094,-21.20365,2034.0],[55.62092,-21.20347,2033.0],[55.62085,-21.20327,2034.0],[55.6208,-21.20317,2034.0],[55.62078,-21.20307,2036.0],[55.6208,-21.20286,2032.0],[55.6208,-21.20261,2036.0],[55.62077,-21.20257,2031.0],[55.62073,-21.20242,2031.0],[55.62064,-21.20228,2026.0],[55.62061,-21.20215,2026.0],[55.62063,-21.20207,2026.0],[55.62063,-21.20198,2026.0],[55.6206,-21.20178,2026.0],[55.6206,-21.20172,2026.0],[55.62065,-21.20169,2026.0],[55.62078,-21.20151,2023.0],[55.62097,-21.20118,2023.0],[55.621,-21.20114,2023.0],[55.62104,-21.20084,2025.0],[55.62109,-21.20051,2025.0],[55.62144,-21.20001,2024.0],[55.62138,-21.19962,2027.0],[55.6216,-21.19932,2024.0],[55.6219,-21.19891,2026.0],[55.622,-21.19859,2023.0],[55.62211,-21.19821,2025.0],[55.62232,-21.19806,2028.0],[55.6226,-21.19793,2027.0],[55.62291,-21.1976,2029.0],[55.62313,-21.19748,2034.0],[55.62329,-21.19733,2040.0],[55.62346,-21.19715,2040.0],[55.62368,-21.19703,2046.0],[55.62369,-21.19679,2040.0],[55.62407,-21.19644,2045.0],[55.62453,-21.19633,2052.0],[55.62492,-21.19632,2051.0],[55.62517,-21.19599,2051.0],[55.62515,-21.1958,2046.0],[55.62546,-21.19558,2059.0],[55.62543,-21.19536,2058.0],[55.6256,-21.19516,2061.0],[55.62583,-21.1949,2060.0],[55.62565,-21.19475,2060.0],[55.6256,-21.19453,2060.0],[55.62584,-21.19426,2059.0],[55.62638,-21.19397,2059.0],[55.62636,-21.19376,2059.0],[55.62644,-21.19353,2061.0],[55.62622,-21.19335,2062.0],[55.62616,-21.19311,2067.0],[55.62602,-21.19306,2064.0],[55.62568,-21.19318,2064.0],[55.62531,-21.19332,2061.0],[55.62494,-21.1934,2057.0],[55.62446,-21.19351,2057.0],[55.62381,-21.19351,2043.0],[55.62335,-21.19366,2033.0],[55.62289,-21.1938,2031.0],[55.62218,-21.19402,2028.0],[55.62191,-21.19391,2023.0],[55.62155,-21.19385,2017.0],[55.62114,-21.19367,2011.0],[55.62052,-21.19375,1999.0],[55.62014,-21.19407,1997.0],[55.61979,-21.19407,1996.0],[55.61941,-21.19407,1990.0],[55.6191,-21.19427,1982.0],[55.61872,-21.19453,1980.0],[55.61831,-21.19461,1976.0],[55.61763,-21.19474,1965.0],[55.61726,-21.19487,1958.0],[55.61675,-21.19506,1948.0],[55.6164,-21.19488,1943.0],[55.61611,-21.19499,1936.0],[55.61594,-21.19493,1936.0],[55.61578,-21.19495,1936.0],[55.61564,-21.19493,1930.0],[55.61549,-21.19469,1936.0],[55.6153,-21.1944,1936.0],[55.61495,-21.19437,1928.0],[55.61458,-21.19433,1922.0],[55.61415,-21.19428,1919.0],[55.6134,-21.19418,1908.0],[55.61288,-21.19411,1897.0],[55.61263,-21.19396,1896.0],[55.61247,-21.19401,1895.0],[55.612,-21.19395,1885.0],[55.61159,-21.19384,1881.0],[55.61126,-21.19371,1877.0],[55.61089,-21.19357,1874.0],[55.61038,-21.19342,1857.0],[55.60987,-21.19326,1851.0],[55.60936,-21.19311,1846.0],[55.60842,-21.19282,1831.0],[55.608,-21.19264,1825.0],[55.60759,-21.19246,1823.0],[55.60715,-21.19226,1819.0],[55.60732,-21.19264,1822.0],[55.60763,-21.19337,1825.0],[55.60782,-21.19389,1831.0],[55.60777,-21.19416,1823.0],[55.6074,-21.19408,1815.0],[55.60692,-21.19397,1814.0],[55.60646,-21.19389,1814.0],[55.60601,-21.19381,1814.0],[55.60543,-21.19372,1801.0],[55.60522,-21.19374,1801.0],[55.60495,-21.19356,1795.0],[55.60436,-21.19348,1790.0],[55.60393,-21.1934,1789.0],[55.60312,-21.19325,1774.0],[55.60311,-21.19271,1774.0],[55.60292,-21.1927,1771.0],[55.60317,-21.19235,1771.0],[55.60281,-21.19247,1764.0],[55.60238,-21.1926,1752.0],[55.60218,-21.19259,1750.0],[55.60194,-21.1925,1748.0],[55.60169,-21.1924,1748.0],[55.60108,-21.19232,1748.0],[55.60072,-21.19231,1738.0],[55.60029,-21.19229,1738.0],[55.59996,-21.19213,1733.0],[55.59953,-21.19194,1732.0],[55.59937,-21.19175,1731.0],[55.59913,-21.19168,1731.0],[55.59885,-21.1916,1732.0],[55.59862,-21.19118,1727.0],[55.59812,-21.19086,1722.0],[55.5977,-21.19062,1727.0],[55.59728,-21.19039,1733.0],[55.59658,-21.18999,1732.0],[55.59608,-21.1897,1731.0],[55.59558,-21.18941,1727.0],[55.59509,-21.18911,1724.0],[55.59459,-21.18882,1722.0],[55.59409,-21.18853,1717.0],[55.59359,-21.18824,1717.0],[55.59268,-21.1877,1710.0],[55.59249,-21.18758,1702.0],[55.59224,-21.18741,1701.0],[55.59189,-21.18718,1691.0],[55.5918,-21.18676,1686.0],[55.59162,-21.18664,1686.0],[55.59154,-21.18647,1685.0],[55.59146,-21.18631,1685.0],[55.59141,-21.18606,1682.0],[55.59146,-21.18569,1682.0],[55.59168,-21.18529,1682.0],[55.59188,-21.18503,1683.0],[55.59186,-21.18462,1679.0],[55.59172,-21.1841,1675.0],[55.59185,-21.18358,1675.0],[55.59206,-21.18311,1675.0],[55.59234,-21.18281,1672.0],[55.59257,-21.18266,1672.0],[55.59263,-21.1825,1673.0],[55.59241,-21.18223,1673.0],[55.59218,-21.18191,1674.0],[55.59198,-21.18165,1674.0],[55.59143,-21.18157,1677.0],[55.5912,-21.18156,1672.0],[55.59097,-21.18145,1680.0],[55.59053,-21.18141,1680.0],[55.59017,-21.18138,1676.0],[55.58985,-21.18126,1675.0],[55.58952,-21.18113,1675.0],[55.58929,-21.181,1672.0],[55.58906,-21.18098,1668.0],[55.58889,-21.18082,1668.0],[55.5887,-21.18065,1661.0],[55.58841,-21.18047,1654.0],[55.58825,-21.18016,1651.0],[55.58815,-21.17991,1644.0],[55.58818,-21.17969,1639.0],[55.58801,-21.17943,1642.0],[55.588,-21.17915,1642.0],[55.58784,-21.17874,1641.0],[55.58774,-21.17856,1640.0],[55.58752,-21.17828,1641.0],[55.58741,-21.17813,1641.0],[55.58704,-21.17808,1641.0],[55.5867,-21.17802,1641.0],[55.58641,-21.1782,1640.0],[55.5862,-21.17835,1638.0],[55.58604,-21.17845,1642.0],[55.58601,-21.1787,1640.0],[55.58586,-21.17886,1637.0],[55.58557,-21.17886,1638.0],[55.58518,-21.17886,1633.0],[55.58499,-21.17885,1633.0],[55.58474,-21.17895,1633.0],[55.58447,-21.17906,1633.0],[55.5839,-21.17894,1633.0],[55.5836,-21.17881,1631.0],[55.58345,-21.17892,1632.0],[55.58335,-21.17911,1629.0],[55.58293,-21.17922,1628.0],[55.5824,-21.17903,1625.0],[55.58199,-21.17901,1625.0],[55.58172,-21.17893,1625.0],[55.58169,-21.1788,1625.0],[55.582,-21.17873,1622.0],[55.58218,-21.17843,1620.0],[55.58217,-21.17825,1611.0],[55.58194,-21.17817,1616.0],[55.5817,-21.17809,1612.0],[55.58122,-21.17794,1607.0],[55.58093,-21.17794,1606.0],[55.58064,-21.17807,1606.0],[55.58045,-21.17816,1609.0],[55.58005,-21.17805,1607.0],[55.57995,-21.17792,1607.0],[55.58007,-21.17767,1609.0],[55.57995,-21.17766,1609.0],[55.57984,-21.1777,1607.0],[55.57996,-21.17748,1609.0],[55.58014,-21.17735,1610.0],[55.58024,-21.17715,1609.0],[55.58035,-21.17695,1609.0],[55.58052,-21.17648,1610.0],[55.58074,-21.176,1610.0],[55.58081,-21.17582,1611.0],[55.58065,-21.17553,1608.0],[55.58042,-21.17524,1608.0],[55.58011,-21.17484,1607.0],[55.57981,-21.17444,1606.0],[55.57952,-21.17404,1602.0],[55.57922,-21.17364,1599.0],[55.57879,-21.17305,1596.0],[55.57852,-21.17268,1595.0],[55.57825,-21.1723,1595.0],[55.57784,-21.17174,1600.0],[55.5776,-21.17142,1600.0],[55.57723,-21.17093,1597.0],[55.57701,-21.17062,1599.0],[55.5767,-21.17019,1598.0],[55.57648,-21.16989,1598.0],[55.57617,-21.16949,1597.0],[55.57587,-21.16907,1597.0],[55.57597,-21.16871,1597.0],[55.57613,-21.16816,1595.0],[55.57622,-21.16785,1594.0],[55.57631,-21.16751,1594.0],[55.57638,-21.16718,1593.0],[55.57647,-21.16678,1592.0],[55.5765,-21.16651,1592.0],[55.57641,-21.16628,1595.0],[55.57606,-21.16608,1594.0],[55.57575,-21.16589,1595.0],[55.57546,-21.16566,1595.0],[55.57507,-21.16535,1595.0],[55.57482,-21.16511,1595.0],[55.57455,-21.16485,1595.0],[55.57431,-21.16461,1600.0],[55.57402,-21.16432,1598.0],[55.57371,-21.16404,1597.0],[55.57314,-21.16352,1597.0],[55.57288,-21.16324,1601.0],[55.57251,-21.16285,1601.0],[55.57225,-21.16263,1602.0],[55.57197,-21.16239,1602.0],[55.57171,-21.16214,1602.0],[55.57139,-21.16182,1606.0],[55.57102,-21.16183,1604.0],[55.57107,-21.16154,1603.0],[55.57103,-21.16132,1605.0],[55.57091,-21.16098,1603.0],[55.57083,-21.16101,1603.0],[55.5707,-21.16105,1603.0],[55.57043,-21.16092,1602.0],[55.57004,-21.16073,1602.0],[55.56978,-21.16065,1601.0],[55.56955,-21.16065,1602.0],[55.56928,-21.16064,1602.0],[55.56867,-21.16056,1603.0],[55.56829,-21.1603,1607.0],[55.56785,-21.1602,1613.0],[55.56738,-21.16002,1613.0],[55.5671,-21.1598,1613.0],[55.56687,-21.15973,1613.0],[55.56671,-21.15957,1613.0],[55.56648,-21.15951,1620.0],[55.5664,-21.15935,1616.0],[55.56624,-21.15927,1617.0],[55.5661,-21.1589,1622.0],[55.56564,-21.1587,1622.0],[55.5655,-21.15834,1622.0],[55.56529,-21.15779,1624.0],[55.56507,-21.15774,1628.0],[55.56488,-21.15763,1627.0],[55.56468,-21.15752,1627.0],[55.56414,-21.1574,1631.0],[55.5638,-21.15715,1631.0],[55.56318,-21.1567,1632.0],[55.56288,-21.15651,1633.0],[55.56249,-21.15626,1635.0],[55.56199,-21.15608,1642.0],[55.56153,-21.15593,1653.0],[55.56102,-21.1557,1653.0],[55.56063,-21.15531,1649.0],[55.56015,-21.15487,1649.0],[55.56004,-21.1548,1648.0],[55.55996,-21.15435,1648.0],[55.5599,-21.15403,1648.0],[55.55984,-21.15372,1653.0],[55.55959,-21.1535,1658.0],[55.55907,-21.15337,1658.0],[55.55865,-21.15313,1659.0],[55.5585,-21.15287,1660.0],[55.55836,-21.15232,1660.0],[55.55827,-21.15198,1662.0],[55.55816,-21.15154,1666.0],[55.55802,-21.15153,1671.0],[55.55778,-21.15165,1670.0],[55.55752,-21.15177,1674.0],[55.5573,-21.15183,1679.0],[55.55707,-21.15207,1678.0],[55.55675,-21.15222,1682.0],[55.55662,-21.15236,1685.0],[55.55645,-21.15242,1689.0],[55.5562,-21.15256,1690.0],[55.55566,-21.15268,1691.0],[55.55532,-21.15277,1692.0],[55.55493,-21.15295,1701.0],[55.55461,-21.15295,1706.0],[55.55439,-21.15307,1707.0],[55.55409,-21.1531,1704.0],[55.55377,-21.15291,1704.0],[55.55343,-21.15306,1704.0],[55.55299,-21.15326,1701.0],[55.55261,-21.15321,1698.0],[55.55208,-21.15316,1700.0],[55.55171,-21.15312,1699.0],[55.55112,-21.15307,1704.0],[55.55079,-21.15319,1710.0],[55.55015,-21.15322,1713.0],[55.54979,-21.15297,1713.0],[55.54909,-21.15247,1713.0],[55.54874,-21.15246,1719.0],[55.54833,-21.15245,1720.0],[55.54789,-21.15241,1720.0],[55.54762,-21.15217,1720.0],[55.54727,-21.15187,1720.0],[55.54664,-21.15173,1721.0],[55.54616,-21.15176,1723.0],[55.54589,-21.15152,1723.0],[55.54555,-21.15122,1726.0],[55.54548,-21.15094,1729.0],[55.54513,-21.15093,1729.0],[55.545,-21.15056,1729.0],[55.54477,-21.14995,1736.0],[55.54428,-21.14985,1747.0],[55.54399,-21.14985,1752.0],[55.54362,-21.14962,1752.0],[55.5439,-21.14949,1753.0],[55.54381,-21.14924,1757.0],[55.54361,-21.14884,1760.0],[55.54323,-21.14861,1764.0],[55.54327,-21.14837,1768.0],[55.54311,-21.14818,1768.0],[55.54292,-21.14793,1776.0],[55.54253,-21.14752,1782.0],[55.54252,-21.14725,1784.0],[55.5422,-21.14717,1787.0],[55.54206,-21.14684,1796.0],[55.54189,-21.14645,1805.0],[55.54169,-21.14607,1807.0],[55.54128,-21.14533,1825.0],[55.54103,-21.14492,1827.0],[55.54077,-21.1447,1832.0],[55.54049,-21.14446,1836.0],[55.5403,-21.14415,1840.0],[55.54048,-21.14387,1846.0],[55.54036,-21.14355,1856.0],[55.54022,-21.14317,1856.0],[55.54023,-21.14285,1856.0],[55.54023,-21.14252,1872.0],[55.54043,-21.14234,1872.0],[55.54039,-21.14206,1878.0],[55.54026,-21.14167,1883.0],[55.54007,-21.14137,1887.0],[55.53984,-21.14098,1889.0],[55.53961,-21.1406,1900.0],[55.53945,-21.14018,1903.0],[55.53975,-21.14019,1904.0],[55.53982,-21.14,1912.0],[55.53965,-21.13977,1907.0],[55.53942,-21.13946,1912.0],[55.53983,-21.13898,1920.0],[55.53959,-21.13859,1924.0],[55.53933,-21.13845,1929.0],[55.53921,-21.13815,1934.0],[55.53908,-21.13784,1947.0],[55.53892,-21.13775,1947.0],[55.53885,-21.13745,1951.0],[55.53861,-21.13732,1956.0],[55.53856,-21.13755,1956.0],[55.53837,-21.13743,1955.0],[55.53816,-21.13731,1955.0],[55.53816,-21.13712,1950.0],[55.53787,-21.1371,1954.0],[55.53744,-21.13718,1954.0],[55.53722,-21.13763,1950.0],[55.53687,-21.13773,1947.0],[55.53645,-21.13785,1946.0],[55.53617,-21.13789,1948.0],[55.53599,-21.1376,1950.0],[55.53593,-21.13735,1964.0],[55.53575,-21.1374,1964.0],[55.53538,-21.13736,1956.0],[55.53484,-21.13719,1949.0],[55.53454,-21.13702,1941.0],[55.53421,-21.13684,1937.0],[55.53387,-21.13635,1933.0],[55.53347,-21.13625,1917.0],[55.53318,-21.13609,1912.0],[55.53309,-21.13588,1898.0],[55.53284,-21.1358,1907.0],[55.53254,-21.1357,1906.0],[55.53221,-21.13564,1906.0],[55.53197,-21.13551,1911.0],[55.53158,-21.13559,1916.0],[55.53119,-21.13555,1922.0],[55.53085,-21.13548,1921.0],[55.53048,-21.1354,1921.0],[55.53019,-21.13489,1915.0],[55.53035,-21.13472,1887.0],[55.53027,-21.13447,1898.0],[55.52998,-21.1343,1882.0],[55.52968,-21.13413,1887.0],[55.52927,-21.13413,1885.0],[55.52893,-21.13386,1893.0],[55.52873,-21.13387,1894.0],[55.52829,-21.13374,1902.0],[55.5279,-21.13375,1907.0],[55.52735,-21.13376,1920.0],[55.52701,-21.13381,1926.0],[55.52667,-21.13386,1932.0],[55.52621,-21.13395,1937.0],[55.52576,-21.13403,1949.0],[55.52524,-21.13413,1953.0],[55.52472,-21.13407,1956.0],[55.52419,-21.13417,1965.0],[55.52383,-21.13414,1971.0],[55.5236,-21.13445,1987.0],[55.52333,-21.13437,1989.0],[55.52313,-21.13456,2004.0],[55.52269,-21.13476,2013.0],[55.52241,-21.13459,2013.0],[55.5221,-21.13472,2016.0],[55.52152,-21.13468,2019.0],[55.52124,-21.13435,2022.0],[55.52087,-21.13441,2021.0],[55.52093,-21.1342,2022.0],[55.52055,-21.13412,2023.0],[55.52015,-21.13419,2025.0],[55.51956,-21.13429,2034.0],[55.51922,-21.13412,2039.0],[55.51904,-21.13421,2046.0],[55.51899,-21.13401,2046.0],[55.51851,-21.1341,2053.0],[55.51845,-21.13393,2064.0],[55.51807,-21.13397,2076.0],[55.51733,-21.13406,2089.0],[55.51683,-21.13439,2097.0],[55.5165,-21.13428,2102.0],[55.51614,-21.13416,2114.0],[55.5158,-21.13413,2117.0],[55.51545,-21.1341,2122.0],[55.515,-21.13422,2125.0],[55.51474,-21.1339,2128.0],[55.51426,-21.13332,2137.0],[55.5139,-21.13301,2140.0],[55.51355,-21.13269,2145.0],[55.51295,-21.13216,2154.0],[55.51249,-21.13203,2155.0],[55.51215,-21.13151,2157.0],[55.51196,-21.1315,2159.0],[55.51166,-21.13127,2164.0],[55.51136,-21.13104,2166.0],[55.51106,-21.1308,2169.0],[55.51074,-21.13066,2166.0],[55.5104,-21.1305,2163.0],[55.51005,-21.13027,2161.0],[55.50998,-21.13005,2154.0],[55.50971,-21.12987,2166.0],[55.50957,-21.12983,2165.0],[55.50927,-21.12957,2172.0],[55.50898,-21.12931,2175.0],[55.50865,-21.12902,2175.0],[55.50827,-21.12876,2175.0],[55.50789,-21.12851,2175.0],[55.50739,-21.12817,2175.0],[55.50721,-21.12817,2175.0],[55.50695,-21.12796,2181.0],[55.50654,-21.12764,2187.0],[55.50625,-21.12745,2187.0],[55.50592,-21.12725,2189.0],[55.50577,-21.12694,2192.0],[55.50566,-21.12661,2192.0],[55.50545,-21.12624,2196.0],[55.50544,-21.12604,2205.0],[55.50512,-21.12596,2205.0],[55.50488,-21.12569,2212.0],[55.50479,-21.12545,2211.0],[55.50475,-21.12531,2212.0],[55.50454,-21.12518,2211.0],[55.50443,-21.1249,2212.0],[55.50462,-21.12483,2208.0],[55.5048,-21.12463,2212.0],[55.50509,-21.12461,2212.0],[55.50503,-21.12427,2214.0],[55.50523,-21.12407,2216.0],[55.50505,-21.12382,2226.0],[55.50501,-21.12337,2240.0],[55.50502,-21.12309,2240.0],[55.50497,-21.12289,2242.0],[55.50465,-21.1226,2242.0],[55.50449,-21.1224,2249.0],[55.50434,-21.12222,2249.0],[55.50441,-21.12207,2249.0],[55.50427,-21.12181,2249.0],[55.50416,-21.12142,2260.0],[55.50398,-21.1211,2265.0],[55.50374,-21.12068,2268.0],[55.50355,-21.12024,2270.0],[55.50336,-21.12021,2270.0],[55.50319,-21.12005,2275.0],[55.50314,-21.11959,2280.0],[55.50296,-21.1191,2288.0],[55.50249,-21.1188,2291.0],[55.50251,-21.11866,2292.0],[55.50226,-21.11825,2307.0],[55.50221,-21.11799,2305.0],[55.50211,-21.11775,2308.0],[55.50189,-21.11763,2313.0],[55.50174,-21.11746,2312.0],[55.5015,-21.1173,2312.0],[55.50129,-21.11691,2312.0],[55.50105,-21.11659,2319.0],[55.50065,-21.11606,2343.0],[55.50045,-21.11579,2353.0],[55.50023,-21.1155,2359.0],[55.49996,-21.11526,2367.0],[55.49963,-21.11495,2367.0],[55.49937,-21.11474,2366.0],[55.49909,-21.1145,2366.0],[55.49885,-21.11424,2387.0],[55.49855,-21.11392,2399.0],[55.49849,-21.11364,2402.0],[55.49813,-21.11343,2405.0],[55.49813,-21.11324,2421.0],[55.49835,-21.11313,2430.0],[55.49837,-21.11302,2444.0],[55.4983,-21.11286,2446.0],[55.49842,-21.11278,2446.0],[55.49834,-21.1126,2446.0],[55.49793,-21.11247,2463.0],[55.49781,-21.11237,2463.0],[55.4975,-21.11235,2468.0],[55.4974,-21.11226,2473.0],[55.4974,-21.11212,2473.0],[55.49724,-21.1119,2474.0],[55.49709,-21.1119,2477.0],[55.49678,-21.11173,2475.0],[55.4964,-21.11133,2476.0],[55.49604,-21.1113,2477.0],[55.49566,-21.11127,2476.0],[55.49534,-21.11111,2475.0],[55.49541,-21.11097,2475.0],[55.49531,-21.11088,2470.0],[55.4955,-21.11063,2471.0],[55.49557,-21.11042,2470.0],[55.49572,-21.11021,2471.0],[55.4959,-21.10995,2471.0],[55.496,-21.10985,2472.0],[55.49602,-21.10964,2469.0],[55.49606,-21.10948,2474.0],[55.49625,-21.10923,2468.0],[55.4965,-21.10882,2463.0],[55.49663,-21.10866,2455.0],[55.49679,-21.10826,2460.0],[55.49714,-21.10788,2457.0],[55.49719,-21.10778,2457.0],[55.49734,-21.10762,2457.0],[55.4976,-21.10731,2459.0],[55.49805,-21.10678,2454.0],[55.49843,-21.10632,2450.0],[55.49854,-21.10586,2453.0],[55.49865,-21.10574,2445.0],[55.49876,-21.10555,2451.0],[55.49907,-21.10536,2449.0],[55.49932,-21.1052,2441.0],[55.49943,-21.10525,2432.0],[55.49956,-21.10523,2432.0],[55.49954,-21.10511,2439.0],[55.49965,-21.10515,2421.0],[55.49957,-21.10498,2437.0],[55.49979,-21.10483,2427.0],[55.49988,-21.10465,2429.0],[55.50004,-21.10447,2425.0],[55.50017,-21.10432,2425.0],[55.50052,-21.10411,2423.0],[55.5009,-21.10379,2422.0],[55.50124,-21.10334,2410.0],[55.50134,-21.10307,2413.0],[55.50133,-21.10283,2409.0],[55.50116,-21.10272,2411.0],[55.50124,-21.1027,2417.0],[55.50115,-21.10258,2418.0],[55.50134,-21.10261,2409.0],[55.50147,-21.10253,2420.0],[55.50163,-21.10262,2413.0],[55.50187,-21.10248,2415.0],[55.50252,-21.10234,2415.0],[55.50299,-21.10209,2412.0],[55.50309,-21.10183,2412.0],[55.50348,-21.10146,2413.0],[55.50365,-21.10118,2413.0],[55.50384,-21.10086,2408.0],[55.50382,-21.10069,2402.0],[55.50397,-21.10052,2404.0],[55.50414,-21.1004,2398.0],[55.5044,-21.1003,2399.0],[55.50471,-21.10019,2385.0],[55.50507,-21.09987,2376.0],[55.50544,-21.09955,2359.0],[55.5061,-21.09896,2325.0],[55.50649,-21.09871,2315.0],[55.50688,-21.09846,2304.0],[55.50741,-21.09813,2280.0],[55.50776,-21.09784,2264.0],[55.5081,-21.09756,2251.0],[55.50851,-21.09722,2246.0],[55.5088,-21.09696,2241.0],[55.50921,-21.0966,2238.0],[55.50924,-21.09658,2238.0],[55.50933,-21.09655,2238.0],[55.50928,-21.0964,2234.0],[55.50934,-21.09635,2234.0],[55.50952,-21.09632,2231.0],[55.50967,-21.09613,2213.0],[55.50972,-21.09582,2212.0],[55.50978,-21.09578,2212.0],[55.51009,-21.09585,2208.0],[55.51036,-21.09572,2201.0],[55.51052,-21.09569,2195.0],[55.51073,-21.09567,2192.0],[55.5107,-21.09561,2195.0],[55.51077,-21.09563,2192.0],[55.51078,-21.09561,2192.0],[55.51073,-21.09552,2192.0],[55.51083,-21.09552,2192.0],[55.5108,-21.09532,2187.0],[55.51084,-21.09526,2181.0],[55.51106,-21.09525,2183.0],[55.51113,-21.0952,2183.0],[55.51121,-21.0952,2183.0],[55.51137,-21.09515,2181.0],[55.51144,-21.09506,2180.0],[55.51159,-21.09503,2180.0],[55.51169,-21.09498,2170.0],[55.51164,-21.09491,2170.0],[55.51165,-21.09485,2170.0],[55.51177,-21.09481,2170.0],[55.51181,-21.09479,2163.0],[55.51174,-21.0947,2163.0],[55.51192,-21.0946,2154.0],[55.51203,-21.09452,2154.0],[55.51213,-21.09439,2154.0],[55.5122,-21.09445,2154.0],[55.51227,-21.09446,2154.0],[55.5123,-21.09447,2154.0],[55.51238,-21.09444,2154.0],[55.51245,-21.0944,2162.0],[55.51242,-21.09438,2162.0],[55.51246,-21.09434,2162.0],[55.5126,-21.09432,2162.0],[55.51274,-21.09428,2165.0],[55.51281,-21.09423,2165.0],[55.51291,-21.09421,2165.0],[55.51304,-21.09419,2168.0],[55.51305,-21.09424,2168.0],[55.51321,-21.09437,2175.0],[55.51337,-21.09433,2175.0],[55.51346,-21.09434,2175.0],[55.51354,-21.09432,2171.0],[55.51362,-21.09429,2161.0],[55.51372,-21.0942,2161.0],[55.51383,-21.09416,2170.0],[55.51394,-21.09417,2167.0],[55.51415,-21.09427,2170.0],[55.51425,-21.09428,2170.0],[55.51434,-21.09428,2170.0],[55.51448,-21.09437,2165.0],[55.51459,-21.09451,2173.0],[55.51466,-21.09459,2161.0],[55.51478,-21.09468,2161.0],[55.51492,-21.09472,2152.0],[55.51495,-21.09475,2152.0],[55.51499,-21.09483,2151.0],[55.51503,-21.09485,2151.0],[55.5151,-21.09474,2152.0],[55.51511,-21.09464,2152.0],[55.51514,-21.09463,2152.0],[55.51521,-21.09473,2143.0],[55.51535,-21.09477,2143.0],[55.51542,-21.09466,2143.0],[55.51544,-21.09453,2143.0],[55.5155,-21.0945,2143.0],[55.51564,-21.09438,2125.0],[55.51575,-21.09419,2129.0],[55.51587,-21.09397,2115.0],[55.51614,-21.09368,2096.0],[55.51625,-21.09361,2096.0],[55.51634,-21.09352,2092.0],[55.51636,-21.09344,2092.0],[55.51641,-21.09335,2086.0],[55.51647,-21.09337,2086.0],[55.51653,-21.09344,2092.0],[55.51659,-21.09356,2092.0],[55.51668,-21.09344,2087.0],[55.51673,-21.09347,2087.0],[55.51682,-21.09357,2087.0],[55.51727,-21.09346,2069.0],[55.51738,-21.09345,2069.0],[55.5175,-21.09338,2048.0],[55.51759,-21.09341,2058.0],[55.51768,-21.0934,2058.0],[55.51776,-21.09334,2037.0],[55.51776,-21.09334,2037.0],[55.51779,-21.09332,2037.0],[55.5178,-21.09328,2037.0],[55.51759,-21.09271,2025.0],[55.51759,-21.09257,2012.0],[55.5175,-21.09248,2012.0],[55.51747,-21.09242,2012.0],[55.51759,-21.09222,2003.0],[55.51765,-21.09218,2003.0],[55.51766,-21.09214,2003.0],[55.51768,-21.09212,2003.0],[55.51768,-21.09207,2003.0],[55.51782,-21.09205,2003.0],[55.51788,-21.092,2003.0],[55.51796,-21.09199,2001.0],[55.51814,-21.09181,2007.0],[55.51833,-21.09162,2014.0],[55.51872,-21.09122,2021.0],[55.51877,-21.09098,2026.0],[55.51881,-21.09093,2021.0],[55.51888,-21.09091,2021.0],[55.51901,-21.0909,2021.0],[55.51918,-21.09086,2021.0],[55.51929,-21.09076,2021.0],[55.51946,-21.09059,2016.0],[55.51956,-21.09046,2016.0],[55.51971,-21.09018,2016.0],[55.51981,-21.09003,2022.0],[55.51985,-21.08984,2018.0],[55.51992,-21.08976,2021.0],[55.52011,-21.08967,2010.0],[55.52024,-21.08962,2012.0],[55.52031,-21.08957,2012.0],[55.52048,-21.08929,2003.0],[55.5207,-21.08901,1996.0],[55.52083,-21.08883,1985.0],[55.52101,-21.08867,1978.0],[55.52122,-21.08849,1978.0],[55.52158,-21.08825,1978.0],[55.52168,-21.08815,1975.0],[55.52182,-21.08793,1967.0],[55.52196,-21.08771,1958.0],[55.52212,-21.0875,1948.0],[55.52229,-21.08728,1940.0],[55.52244,-21.08695,1930.0],[55.52254,-21.08681,1930.0],[55.52256,-21.08666,1920.0],[55.52276,-21.08611,1907.0],[55.52279,-21.08598,1907.0],[55.52276,-21.08586,1907.0],[55.52265,-21.08561,1907.0],[55.52264,-21.08534,1907.0],[55.52266,-21.08521,1907.0],[55.5227,-21.08512,1907.0],[55.52265,-21.0849,1904.0],[55.52269,-21.08468,1910.0],[55.52276,-21.08441,1902.0],[55.52287,-21.08403,1898.0],[55.52285,-21.08384,1894.0],[55.52303,-21.08361,1869.0],[55.52304,-21.08349,1869.0],[55.52312,-21.08343,1869.0],[55.52332,-21.08317,1838.0],[55.52337,-21.08316,1838.0],[55.52339,-21.08307,1827.0],[55.52338,-21.08295,1827.0],[55.52341,-21.08291,1827.0],[55.52345,-21.08286,1811.0],[55.52343,-21.08267,1811.0],[55.52346,-21.08261,1811.0],[55.52353,-21.08261,1803.0],[55.52369,-21.08264,1803.0],[55.52374,-21.08268,1803.0],[55.52386,-21.08269,1803.0],[55.52405,-21.08261,1803.0],[55.52414,-21.08252,1803.0],[55.52414,-21.08246,1803.0],[55.52437,-21.08235,1803.0],[55.52441,-21.08237,1815.0],[55.52448,-21.08243,1815.0],[55.5245,-21.08246,1815.0],[55.5245,-21.08249,1815.0],[55.52464,-21.08247,1820.0],[55.52495,-21.08256,1821.0],[55.52507,-21.08255,1823.0],[55.52519,-21.08252,1823.0],[55.52536,-21.0823,1816.0],[55.52561,-21.082,1812.0],[55.5258,-21.08173,1807.0],[55.52597,-21.08139,1804.0],[55.52615,-21.08107,1804.0],[55.52639,-21.08058,1801.0],[55.52642,-21.08041,1798.0],[55.52651,-21.08026,1799.0],[55.52681,-21.08001,1792.0],[55.52702,-21.0798,1792.0],[55.52721,-21.07943,1778.0],[55.52738,-21.07936,1778.0],[55.5277,-21.07917,1769.0],[55.5279,-21.07901,1772.0],[55.52805,-21.07894,1763.0],[55.52822,-21.07856,1753.0],[55.52822,-21.07836,1745.0],[55.52817,-21.07835,1741.0],[55.52809,-21.07829,1741.0],[55.52808,-21.07827,1741.0],[55.52806,-21.07824,1741.0],[55.52808,-21.07813,1741.0],[55.52805,-21.07805,1726.0],[55.52807,-21.078,1726.0],[55.52807,-21.07796,1726.0],[55.52809,-21.07794,1726.0],[55.52807,-21.0779,1726.0],[55.5282,-21.07766,1710.0],[55.52835,-21.07753,1707.0],[55.52839,-21.07752,1707.0],[55.52844,-21.07747,1707.0],[55.52853,-21.07747,1704.0],[55.52855,-21.0774,1704.0],[55.52862,-21.07743,1704.0],[55.52869,-21.07733,1704.0],[55.52874,-21.07723,1700.0],[55.52871,-21.07713,1700.0],[55.52883,-21.07707,1696.0],[55.52894,-21.07695,1695.0],[55.52912,-21.07682,1688.0],[55.52923,-21.07656,1683.0],[55.52933,-21.07648,1677.0],[55.52939,-21.07634,1677.0],[55.52947,-21.07613,1675.0],[55.52952,-21.07607,1675.0],[55.5296,-21.07587,1669.0],[55.52976,-21.07568,1670.0],[55.52984,-21.07553,1666.0],[55.52995,-21.07529,1668.0],[55.53008,-21.07501,1661.0],[55.53023,-21.0745,1654.0],[55.53023,-21.07442,1649.0],[55.53033,-21.07428,1641.0],[55.53032,-21.07419,1641.0],[55.53038,-21.07401,1641.0],[55.5305,-21.07385,1639.0],[55.53058,-21.07371,1642.0],[55.53082,-21.07342,1638.0],[55.53087,-21.07329,1637.0],[55.53096,-21.07318,1637.0],[55.53111,-21.07288,1634.0],[55.53127,-21.07255,1632.0],[55.53125,-21.07224,1630.0],[55.53117,-21.07203,1630.0],[55.53113,-21.07181,1620.0],[55.53116,-21.07163,1617.0],[55.53113,-21.07139,1616.0],[55.53113,-21.07123,1616.0],[55.53115,-21.07101,1613.0],[55.5312,-21.07078,1607.0],[55.5312,-21.07067,1607.0],[55.53118,-21.07053,1600.0],[55.53116,-21.07053,1600.0],[55.53121,-21.07045,1600.0],[55.53118,-21.07044,1600.0],[55.53114,-21.07045,1600.0],[55.5311,-21.07038,1594.0],[55.53112,-21.07036,1594.0],[55.53109,-21.07034,1594.0],[55.53109,-21.0703,1594.0],[55.53117,-21.07003,1597.0],[55.53118,-21.06986,1593.0],[55.53121,-21.06974,1594.0],[55.5312,-21.06969,1594.0],[55.53126,-21.06963,1594.0],[55.53127,-21.06959,1594.0],[55.53126,-21.06941,1589.0],[55.53118,-21.06936,1589.0],[55.53113,-21.06928,1589.0],[55.53117,-21.06917,1589.0],[55.53116,-21.06911,1589.0],[55.53119,-21.06908,1589.0],[55.53125,-21.06907,1589.0],[55.53123,-21.06905,1589.0],[55.53125,-21.06902,1589.0],[55.53124,-21.06897,1589.0],[55.53121,-21.06893,1592.0],[55.53124,-21.06887,1592.0],[55.5313,-21.06886,1592.0],[55.5314,-21.06886,1590.0],[55.53144,-21.06884,1590.0],[55.53136,-21.0688,1590.0],[55.53126,-21.0688,1592.0],[55.53123,-21.06877,1592.0],[55.53123,-21.06866,1592.0],[55.53126,-21.06862,1592.0],[55.5313,-21.06829,1587.0],[55.53126,-21.06812,1594.0],[55.53127,-21.06805,1589.0],[55.53125,-21.06779,1587.0],[55.53116,-21.06765,1583.0],[55.53115,-21.06757,1587.0],[55.53106,-21.06748,1587.0],[55.53106,-21.06733,1587.0],[55.5311,-21.06731,1587.0],[55.5311,-21.06726,1583.0],[55.53108,-21.06727,1583.0],[55.53105,-21.06722,1583.0],[55.53104,-21.0671,1583.0],[55.53097,-21.06706,1582.0],[55.53102,-21.06681,1580.0],[55.53103,-21.06663,1574.0],[55.53107,-21.06653,1579.0],[55.5312,-21.06645,1576.0],[55.53131,-21.06633,1579.0],[55.53135,-21.06632,1578.0],[55.53132,-21.06627,1578.0],[55.53135,-21.0662,1578.0],[55.53135,-21.06611,1579.0],[55.53157,-21.06594,1579.0],[55.53157,-21.06588,1576.0],[55.53159,-21.06586,1576.0],[55.53173,-21.06581,1575.0],[55.53183,-21.06567,1575.0],[55.53195,-21.06538,1562.0],[55.53202,-21.06528,1562.0],[55.53207,-21.06525,1562.0],[55.53209,-21.06523,1562.0],[55.53211,-21.06507,1558.0],[55.53218,-21.06492,1558.0],[55.53223,-21.06489,1558.0],[55.53224,-21.06477,1547.0],[55.53223,-21.06465,1547.0],[55.53232,-21.06466,1547.0],[55.53238,-21.06473,1547.0],[55.53243,-21.06483,1554.0],[55.53251,-21.06493,1554.0],[55.53262,-21.06499,1554.0],[55.53303,-21.06499,1553.0],[55.53331,-21.06501,1553.0],[55.53345,-21.06505,1553.0],[55.53372,-21.06521,1551.0],[55.53388,-21.06532,1548.0],[55.534,-21.06543,1548.0],[55.53416,-21.06549,1545.0],[55.53432,-21.06549,1545.0],[55.5344,-21.06543,1545.0],[55.53451,-21.06532,1538.0],[55.5346,-21.06509,1542.0],[55.53471,-21.06486,1539.0],[55.5347,-21.0648,1535.0],[55.53467,-21.06477,1533.0],[55.53449,-21.06475,1539.0],[55.5344,-21.06469,1538.0],[55.53426,-21.0644,1535.0],[55.53422,-21.06427,1532.0],[55.53422,-21.06416,1532.0],[55.53427,-21.06405,1532.0],[55.53462,-21.06355,1527.0],[55.53468,-21.0634,1527.0],[55.53469,-21.06325,1524.0],[55.53467,-21.0631,1524.0],[55.5347,-21.06295,1518.0],[55.53477,-21.06287,1512.0],[55.53507,-21.06267,1518.0],[55.53544,-21.06239,1512.0],[55.53581,-21.0621,1507.0],[55.53633,-21.0617,1505.0],[55.53628,-21.06163,1504.0],[55.53608,-21.06154,1504.0],[55.53596,-21.06138,1502.0],[55.53592,-21.06115,1503.0],[55.53594,-21.06101,1501.0],[55.53599,-21.06084,1502.0],[55.536,-21.0608,1502.0],[55.53602,-21.06073,1503.0],[55.53594,-21.06061,1502.0],[55.53589,-21.06065,1502.0],[55.53586,-21.06079,1502.0],[55.53576,-21.06093,1501.0],[55.53567,-21.061,1501.0],[55.5357,-21.06085,1501.0],[55.5357,-21.06082,1501.0],[55.53568,-21.06083,1501.0],[55.53559,-21.06096,1501.0],[55.53555,-21.06106,1501.0],[55.53553,-21.06086,1501.0],[55.53554,-21.06079,1501.0],[55.53558,-21.06073,1501.0],[55.53564,-21.0607,1501.0],[55.53559,-21.06069,1501.0],[55.53563,-21.06063,1501.0],[55.53557,-21.06065,1501.0],[55.53557,-21.0606,1501.0],[55.53553,-21.0606,1501.0],[55.5355,-21.06037,1476.0],[55.53551,-21.06028,1487.0],[55.53548,-21.06028,1476.0],[55.53542,-21.06024,1476.0],[55.53547,-21.06008,1476.0],[55.53558,-21.05996,1477.0],[55.53564,-21.05981,1468.0],[55.53561,-21.05979,1460.0],[55.53554,-21.05989,1477.0],[55.53546,-21.05995,1466.0],[55.53559,-21.05968,1460.0],[55.53577,-21.05956,1471.0],[55.53566,-21.05953,1460.0],[55.53568,-21.05947,1436.0],[55.53559,-21.05951,1460.0],[55.53558,-21.0595,1460.0],[55.53568,-21.05941,1452.0],[55.53584,-21.05913,1444.0],[55.53587,-21.059,1444.0],[55.53581,-21.05902,1444.0],[55.53576,-21.05909,1444.0],[55.53572,-21.0591,1444.0],[55.53569,-21.05919,1416.0],[55.53552,-21.05931,1436.0],[55.53543,-21.0594,1408.0],[55.53542,-21.05936,1408.0],[55.53535,-21.05939,1408.0],[55.5354,-21.05924,1396.0],[55.53548,-21.05911,1396.0],[55.53555,-21.05888,1399.0],[55.53573,-21.05867,1382.0],[55.53572,-21.05863,1403.0],[55.53564,-21.05872,1395.0],[55.53542,-21.05885,1376.0],[55.53541,-21.05881,1366.0],[55.53555,-21.05861,1371.0],[55.53558,-21.05847,1371.0],[55.53568,-21.05838,1361.0],[55.53566,-21.05837,1348.0],[55.53558,-21.05838,1348.0],[55.53552,-21.05843,1371.0],[55.53548,-21.05844,1351.0],[55.53541,-21.05853,1351.0],[55.53538,-21.05853,1351.0],[55.53549,-21.05834,1323.0],[55.53548,-21.05832,1351.0],[55.53538,-21.05838,1323.0],[55.53529,-21.05848,1351.0],[55.53529,-21.05862,1351.0],[55.53523,-21.05866,1351.0],[55.53519,-21.05872,1353.0],[55.53517,-21.05872,1353.0],[55.53521,-21.05862,1351.0],[55.53515,-21.05842,1329.0],[55.53521,-21.0583,1323.0],[55.53531,-21.0582,1323.0],[55.53534,-21.05812,1323.0],[55.53541,-21.0581,1323.0],[55.5354,-21.05807,1297.0],[55.53532,-21.05809,1297.0],[55.53527,-21.05815,1323.0],[55.53507,-21.05827,1308.0],[55.53505,-21.05834,1308.0],[55.53496,-21.05842,1329.0],[55.53483,-21.05864,1314.0],[55.53475,-21.05864,1304.0],[55.5347,-21.05867,1304.0],[55.53468,-21.05888,1311.0],[55.53463,-21.05897,1320.0],[55.53454,-21.05901,1309.0],[55.53444,-21.05914,1313.0],[55.53426,-21.05926,1280.0],[55.53424,-21.05929,1280.0],[55.53428,-21.05955,1315.0],[55.53415,-21.05974,1315.0],[55.53412,-21.05972,1315.0],[55.53415,-21.05956,1315.0],[55.53412,-21.05942,1310.0],[55.53411,-21.05943,1297.0],[55.53395,-21.05983,1305.0],[55.53377,-21.06005,1299.0],[55.53356,-21.06023,1294.0],[55.53339,-21.06049,1284.0],[55.53317,-21.06072,1274.0],[55.53315,-21.06072,1274.0],[55.53317,-21.06066,1274.0],[55.53316,-21.06065,1274.0],[55.53307,-21.06075,1274.0],[55.53278,-21.06092,1273.0],[55.53251,-21.06124,1264.0],[55.53249,-21.06123,1264.0],[55.53252,-21.06116,1249.0],[55.53251,-21.06116,1249.0],[55.53229,-21.0613,1243.0],[55.5321,-21.06148,1243.0],[55.53208,-21.06148,1219.0],[55.53212,-21.06139,1243.0],[55.5322,-21.0613,1243.0],[55.53218,-21.06129,1243.0],[55.53211,-21.06133,1243.0],[55.53207,-21.06136,1219.0],[55.532,-21.0615,1239.0],[55.5319,-21.06167,1213.0],[55.53185,-21.06169,1213.0],[55.53183,-21.06165,1229.0],[55.53187,-21.06161,1213.0],[55.53195,-21.06135,1219.0],[55.53194,-21.06133,1219.0],[55.5319,-21.06136,1198.0],[55.53183,-21.06145,1198.0],[55.53177,-21.06147,1198.0],[55.53179,-21.06128,1198.0],[55.53153,-21.06149,1182.0],[55.53128,-21.06171,1191.0],[55.53103,-21.06194,1201.0],[55.53054,-21.0623,1195.0],[55.53047,-21.06228,1156.0],[55.53057,-21.06216,1181.0],[55.53056,-21.06216,1181.0],[55.53023,-21.06238,1190.0],[55.53016,-21.06236,1166.0],[55.53018,-21.0623,1166.0],[55.53027,-21.06224,1156.0],[55.53043,-21.06207,1156.0],[55.53038,-21.06206,1156.0],[55.53014,-21.0622,1126.0],[55.53013,-21.06219,1126.0],[55.53017,-21.06215,1126.0],[55.53017,-21.06211,1126.0],[55.53012,-21.06212,1126.0],[55.53018,-21.06202,1126.0],[55.53013,-21.06204,1126.0],[55.52999,-21.0622,1126.0],[55.52981,-21.06229,1097.0],[55.52977,-21.06228,1097.0],[55.52983,-21.06219,1116.0],[55.52983,-21.06215,1097.0],[55.52947,-21.06235,1127.0],[55.52937,-21.06243,1107.0],[55.52931,-21.06254,1107.0],[55.52924,-21.0626,1122.0],[55.52913,-21.06259,1107.0],[55.52905,-21.06262,1118.0],[55.52895,-21.06271,1118.0],[55.52881,-21.06273,1118.0],[55.52895,-21.06261,1118.0],[55.52881,-21.06263,1118.0],[55.52856,-21.06273,1081.0],[55.52841,-21.06276,1067.0],[55.5283,-21.06276,1067.0],[55.52825,-21.06279,1067.0],[55.52821,-21.06278,1067.0],[55.52818,-21.06274,1051.0],[55.52817,-21.06268,1051.0],[55.52822,-21.06263,1067.0],[55.52846,-21.06249,1047.0],[55.5285,-21.06244,1047.0],[55.5285,-21.06234,1047.0],[55.52861,-21.06223,1038.0],[55.52861,-21.0622,1038.0],[55.52853,-21.06218,1038.0],[55.5284,-21.06219,1028.0],[55.52828,-21.06227,1028.0],[55.52817,-21.06226,1023.0],[55.528,-21.06236,1028.0],[55.52791,-21.06239,1028.0],[55.52781,-21.06245,1028.0],[55.52774,-21.06261,1024.0],[55.52766,-21.06266,1016.0],[55.52769,-21.06274,1016.0],[55.52745,-21.06293,1021.0],[55.52744,-21.06305,1021.0],[55.52738,-21.06309,991.0],[55.52729,-21.06342,1012.0],[55.52716,-21.06357,1012.0],[55.52699,-21.06379,998.0],[55.5269,-21.06408,990.0],[55.52683,-21.0641,975.0],[55.52675,-21.06426,975.0],[55.52663,-21.06443,982.0],[55.52648,-21.0649,978.0],[55.52632,-21.06507,978.0],[55.52611,-21.06518,972.0],[55.52597,-21.06533,969.0],[55.52596,-21.06535,969.0],[55.52591,-21.06539,973.0],[55.52584,-21.06543,974.0],[55.52555,-21.0655,975.0],[55.5253,-21.06549,976.0],[55.52514,-21.06542,977.0],[55.52486,-21.0658,978.0],[55.52463,-21.06629,978.0],[55.52443,-21.0666,978.0],[55.52418,-21.06699,978.0],[55.52412,-21.06716,978.0],[55.5241,-21.06742,979.0],[55.52407,-21.06773,981.0],[55.52405,-21.068,986.0],[55.52386,-21.06824,986.0],[55.52347,-21.06825,986.0],[55.52293,-21.06826,985.0],[55.52262,-21.06823,984.0],[55.52245,-21.06803,984.0],[55.52183,-21.06826,988.0],[55.52128,-21.06841,986.0],[55.52155,-21.06879,987.0],[55.52165,-21.06912,988.0],[55.52158,-21.06961,999.0],[55.52172,-21.07011,1006.0],[55.52184,-21.07028,1006.0],[55.52166,-21.07042,1005.0],[55.52148,-21.07057,1004.0],[55.52124,-21.07043,998.0],[55.52093,-21.0701,996.0],[55.52072,-21.06982,995.0],[55.52054,-21.0699,995.0],[55.52037,-21.06971,993.0],[55.5203,-21.06958,993.0],[55.52044,-21.06948,992.0],[55.52023,-21.06908,992.0],[55.51991,-21.06864,986.0],[55.51959,-21.0682,969.0],[55.51927,-21.06776,958.0],[55.51896,-21.06732,953.0],[55.51864,-21.06688,945.0],[55.51821,-21.06629,940.0],[55.51801,-21.06644,935.0],[55.51792,-21.06652,938.0],[55.51799,-21.06671,932.0],[55.51798,-21.06673,932.0],[55.51791,-21.0668,937.0],[55.51782,-21.06689,937.0],[55.5178,-21.0669,937.0],[55.51776,-21.06687,937.0],[55.51765,-21.06683,935.0],[55.51754,-21.06684,935.0],[55.51745,-21.0667,929.0],[55.51735,-21.06668,927.0],[55.51724,-21.0667,927.0],[55.51707,-21.06662,926.0],[55.51684,-21.06645,920.0],[55.51671,-21.06647,920.0],[55.51655,-21.06656,925.0],[55.51639,-21.06674,919.0],[55.51614,-21.06686,930.0],[55.51581,-21.06703,931.0],[55.51562,-21.06711,932.0],[55.51553,-21.06713,924.0],[55.51542,-21.06718,918.0],[55.51534,-21.06724,918.0],[55.51528,-21.06726,918.0],[55.51521,-21.06721,918.0],[55.51512,-21.06721,907.0],[55.51491,-21.06728,907.0],[55.51475,-21.06725,900.0],[55.51461,-21.06717,909.0],[55.51453,-21.06716,911.0],[55.51441,-21.06723,911.0],[55.51435,-21.06723,912.0],[55.51424,-21.06739,919.0],[55.51416,-21.06733,914.0],[55.51394,-21.06741,917.0],[55.51384,-21.06741,917.0],[55.51378,-21.06737,919.0],[55.51367,-21.06718,921.0],[55.51403,-21.06688,919.0],[55.51407,-21.06678,918.0],[55.51405,-21.06668,918.0],[55.51398,-21.06658,922.0],[55.51354,-21.06633,926.0],[55.51306,-21.06604,931.0],[55.51274,-21.06579,932.0],[55.51258,-21.06563,944.0],[55.51241,-21.06543,934.0],[55.5122,-21.06519,934.0],[55.51208,-21.06512,942.0],[55.5118,-21.06502,938.0],[55.51147,-21.0649,935.0],[55.5114,-21.06484,942.0],[55.51135,-21.06476,932.0],[55.51126,-21.06445,935.0],[55.51121,-21.06435,933.0],[55.51114,-21.06426,929.0],[55.51092,-21.06407,935.0],[55.51061,-21.06378,935.0],[55.51038,-21.06364,933.0],[55.51026,-21.0636,933.0],[55.51012,-21.06354,933.0],[55.50997,-21.06346,933.0],[55.50975,-21.06329,934.0],[55.5095,-21.06309,934.0],[55.5094,-21.06304,934.0],[55.50932,-21.06302,934.0],[55.50914,-21.06301,934.0],[55.50901,-21.06303,936.0],[55.5089,-21.06307,936.0],[55.50872,-21.06319,932.0],[55.50853,-21.06332,932.0],[55.50843,-21.06332,932.0],[55.50835,-21.06329,932.0],[55.50833,-21.06322,932.0],[55.50835,-21.06316,932.0],[55.50866,-21.06286,932.0],[55.50875,-21.06257,933.0],[55.50867,-21.06226,933.0],[55.50859,-21.06216,933.0],[55.5085,-21.06209,921.0],[55.50835,-21.06203,921.0],[55.50823,-21.06201,921.0],[55.50794,-21.06203,905.0],[55.5073,-21.06217,898.0],[55.50712,-21.06219,898.0],[55.50701,-21.06215,896.0],[55.50694,-21.06209,896.0],[55.5068,-21.06191,899.0],[55.50685,-21.06186,891.0],[55.50693,-21.06148,898.0],[55.5069,-21.06139,897.0],[55.50687,-21.06134,897.0],[55.50662,-21.06125,897.0],[55.50636,-21.06115,894.0],[55.50634,-21.06118,894.0],[55.5063,-21.06155,889.0],[55.5063,-21.06163,877.0],[55.50634,-21.06185,885.0],[55.5063,-21.06188,878.0],[55.50625,-21.06188,878.0],[55.50616,-21.0618,878.0],[55.50612,-21.06173,881.0],[55.50606,-21.06159,877.0],[55.50606,-21.06135,878.0],[55.50603,-21.06129,878.0],[55.50576,-21.06093,870.0],[55.50569,-21.06068,858.0],[55.50552,-21.06033,856.0],[55.5055,-21.06027,842.0],[55.50549,-21.06021,842.0],[55.50551,-21.06016,853.0],[55.50558,-21.06009,854.0],[55.5057,-21.06003,854.0],[55.50571,-21.05996,865.0],[55.50569,-21.05994,854.0],[55.5056,-21.05994,854.0],[55.50554,-21.05996,854.0],[55.50535,-21.06012,848.0],[55.50532,-21.0602,842.0],[55.50529,-21.06048,843.0],[55.50523,-21.0605,843.0],[55.50517,-21.06044,835.0],[55.50505,-21.06016,833.0],[55.50502,-21.06012,833.0],[55.50499,-21.06011,833.0],[55.50495,-21.06012,833.0],[55.50493,-21.06014,833.0],[55.50492,-21.06018,833.0],[55.50493,-21.06033,833.0],[55.50486,-21.06035,828.0],[55.50477,-21.06035,828.0],[55.50461,-21.0602,828.0],[55.50447,-21.06012,821.0],[55.5044,-21.06005,811.0],[55.50435,-21.05992,811.0],[55.50431,-21.05957,809.0],[55.50428,-21.05949,808.0],[55.5042,-21.05941,808.0],[55.50396,-21.05927,808.0],[55.50377,-21.05908,804.0],[55.50371,-21.05903,798.0],[55.50367,-21.05903,798.0],[55.50364,-21.05908,798.0],[55.50387,-21.05941,800.0],[55.50389,-21.05949,800.0],[55.50386,-21.05951,801.0],[55.50375,-21.0594,790.0],[55.50354,-21.05925,798.0],[55.50343,-21.05914,791.0],[55.50337,-21.05891,792.0],[55.50333,-21.05889,789.0],[55.50329,-21.05891,792.0],[55.50329,-21.05906,788.0],[55.50325,-21.05912,788.0],[55.50318,-21.05917,783.0],[55.50312,-21.05916,783.0],[55.50296,-21.05908,784.0],[55.50292,-21.05907,784.0],[55.50281,-21.05907,784.0],[55.50272,-21.05903,784.0],[55.5026,-21.05885,778.0],[55.50242,-21.0586,777.0],[55.50227,-21.05842,777.0],[55.50216,-21.05836,776.0],[55.50187,-21.05827,771.0],[55.50173,-21.05819,771.0],[55.50158,-21.05806,769.0],[55.5015,-21.05796,769.0],[55.50142,-21.05779,762.0],[55.5014,-21.05743,753.0],[55.50137,-21.05729,745.0],[55.50136,-21.05725,745.0],[55.50138,-21.0572,745.0],[55.50148,-21.05709,745.0],[55.50151,-21.05703,745.0],[55.50152,-21.05697,743.0],[55.50144,-21.05688,743.0],[55.50143,-21.05684,743.0],[55.50114,-21.05691,743.0],[55.501,-21.05687,733.0],[55.50095,-21.05689,733.0],[55.50076,-21.05709,743.0],[55.50069,-21.05712,737.0],[55.50067,-21.0571,737.0],[55.50075,-21.05703,743.0],[55.50084,-21.05678,729.0],[55.50096,-21.05668,729.0],[55.50093,-21.05667,729.0],[55.5008,-21.05671,729.0],[55.5008,-21.0567,729.0],[55.50089,-21.05657,729.0],[55.50095,-21.05631,713.0],[55.50095,-21.05623,713.0],[55.50092,-21.05618,705.0],[55.50093,-21.05615,705.0],[55.50089,-21.05612,705.0],[55.50092,-21.05609,705.0],[55.50091,-21.05601,705.0],[55.50083,-21.05607,705.0],[55.50082,-21.05606,705.0],[55.50085,-21.05601,705.0],[55.50082,-21.05596,705.0],[55.50062,-21.05577,697.0],[55.50065,-21.05572,697.0],[55.5006,-21.05554,695.0],[55.50055,-21.05548,697.0],[55.50051,-21.05539,693.0],[55.50037,-21.05518,697.0],[55.50021,-21.05505,691.0],[55.50016,-21.05503,697.0],[55.50013,-21.055,697.0],[55.50013,-21.05493,697.0],[55.50008,-21.05484,697.0],[55.50002,-21.05478,698.0],[55.49988,-21.05469,704.0],[55.49982,-21.05469,704.0],[55.49976,-21.05473,704.0],[55.49972,-21.05481,702.0],[55.4997,-21.05483,702.0],[55.49966,-21.05483,702.0],[55.49963,-21.05481,702.0],[55.49961,-21.05475,704.0],[55.4996,-21.05468,708.0],[55.49962,-21.05464,704.0],[55.49968,-21.05458,704.0],[55.49969,-21.05452,704.0],[55.49964,-21.0543,712.0],[55.49951,-21.05412,729.0],[55.49949,-21.05402,729.0],[55.49943,-21.054,729.0],[55.49941,-21.05402,729.0],[55.4994,-21.05407,736.0],[55.49938,-21.05417,736.0],[55.49934,-21.05424,736.0],[55.49929,-21.05429,736.0],[55.49908,-21.05442,747.0],[55.49894,-21.05443,747.0],[55.49879,-21.05437,748.0],[55.49874,-21.05439,757.0],[55.49876,-21.05444,757.0],[55.49889,-21.05456,749.0],[55.49889,-21.0546,749.0],[55.49886,-21.05463,749.0],[55.49876,-21.05462,762.0],[55.49845,-21.05449,764.0],[55.49836,-21.0544,764.0],[55.49827,-21.05438,764.0],[55.49807,-21.05435,768.0],[55.49798,-21.05433,782.0],[55.49784,-21.05425,768.0],[55.49743,-21.05422,773.0],[55.49729,-21.05424,780.0],[55.49715,-21.0543,791.0],[55.4969,-21.05417,799.0],[55.49672,-21.05427,799.0],[55.49654,-21.05419,807.0],[55.49642,-21.05419,807.0],[55.49603,-21.05444,818.0],[55.49586,-21.05435,821.0],[55.49573,-21.05436,821.0],[55.4956,-21.05434,828.0],[55.49548,-21.05421,829.0],[55.49534,-21.05409,829.0],[55.49512,-21.05409,826.0],[55.49504,-21.05406,834.0],[55.49499,-21.054,834.0],[55.49497,-21.0539,830.0],[55.4949,-21.05382,834.0],[55.4948,-21.0538,834.0],[55.49466,-21.05386,834.0],[55.49458,-21.05394,838.0],[55.49457,-21.05399,838.0],[55.4946,-21.05413,848.0],[55.49476,-21.05423,841.0],[55.49477,-21.05428,841.0],[55.49473,-21.05432,852.0],[55.49462,-21.05433,852.0],[55.49444,-21.05433,856.0],[55.4943,-21.0543,863.0],[55.49401,-21.05415,865.0],[55.49387,-21.05411,865.0],[55.49367,-21.05416,872.0],[55.49354,-21.05414,872.0],[55.49345,-21.05415,879.0],[55.4933,-21.0542,879.0],[55.49326,-21.0542,879.0],[55.49301,-21.05407,885.0],[55.49284,-21.05401,886.0],[55.49272,-21.054,886.0],[55.49239,-21.05417,890.0],[55.49226,-21.05419,890.0],[55.49206,-21.05418,896.0],[55.492,-21.05416,896.0],[55.49181,-21.05423,901.0],[55.49175,-21.05424,901.0],[55.49162,-21.05419,901.0],[55.49156,-21.05413,911.0],[55.4915,-21.05409,911.0],[55.49146,-21.05414,911.0],[55.49138,-21.05406,911.0],[55.49133,-21.05404,911.0],[55.49109,-21.05414,920.0],[55.49105,-21.05417,920.0],[55.49086,-21.05411,933.0],[55.49056,-21.05397,932.0],[55.49047,-21.05397,944.0],[55.49035,-21.05393,944.0],[55.49035,-21.05396,944.0],[55.49039,-21.05401,952.0],[55.49038,-21.05404,952.0],[55.49019,-21.05409,963.0],[55.4901,-21.05407,954.0],[55.48996,-21.05398,950.0],[55.48974,-21.05396,957.0],[55.4897,-21.05391,957.0],[55.48965,-21.05383,957.0],[55.48927,-21.05383,977.0],[55.48917,-21.05386,977.0],[55.48906,-21.05386,982.0],[55.48895,-21.05381,982.0],[55.48872,-21.05383,993.0],[55.48857,-21.05382,993.0],[55.48843,-21.05388,997.0],[55.48823,-21.05388,994.0],[55.4881,-21.0539,996.0],[55.48798,-21.05397,996.0],[55.48764,-21.05414,1001.0],[55.48732,-21.05424,1007.0],[55.48722,-21.05425,1007.0],[55.48695,-21.05423,1010.0],[55.48673,-21.05431,1016.0],[55.48657,-21.05427,1013.0],[55.48647,-21.05418,1017.0],[55.4865,-21.05407,1017.0],[55.48665,-21.05394,1013.0],[55.48665,-21.05387,1016.0],[55.48663,-21.05378,1016.0],[55.48659,-21.05373,1016.0],[55.48641,-21.0536,1014.0],[55.4863,-21.05335,1016.0],[55.48614,-21.05321,1016.0],[55.48606,-21.05301,1018.0],[55.48593,-21.05287,1018.0],[55.48587,-21.05288,1018.0],[55.48569,-21.05297,1015.0],[55.48564,-21.05297,1020.0],[55.48554,-21.053,1020.0],[55.48548,-21.05297,1018.0],[55.48542,-21.05283,1013.0],[55.48531,-21.05272,1013.0],[55.48528,-21.05263,1013.0],[55.4853,-21.05244,1004.0],[55.48529,-21.05235,1004.0],[55.48525,-21.05229,1000.0],[55.48516,-21.0522,1003.0],[55.48505,-21.05216,1001.0],[55.48492,-21.05213,1001.0],[55.4847,-21.05217,1003.0],[55.48461,-21.05217,1003.0],[55.48454,-21.05216,1005.0],[55.48441,-21.0521,1005.0],[55.48431,-21.05209,1009.0],[55.48401,-21.05209,1008.0],[55.48396,-21.05215,1013.0],[55.48412,-21.05223,1009.0],[55.48429,-21.05235,1012.0],[55.4843,-21.05247,1012.0],[55.48427,-21.05258,1012.0],[55.48428,-21.05269,1022.0],[55.48425,-21.05272,1022.0],[55.48415,-21.05269,1022.0],[55.48404,-21.05263,1021.0],[55.48385,-21.05261,1026.0],[55.48377,-21.05258,1021.0],[55.48368,-21.05257,1021.0],[55.4835,-21.05251,1028.0],[55.48321,-21.05254,1028.0],[55.48308,-21.05261,1051.0],[55.48303,-21.05262,1051.0],[55.48287,-21.05258,1043.0],[55.48275,-21.05256,1043.0],[55.48262,-21.05254,1046.0],[55.48245,-21.05263,1059.0],[55.48224,-21.05269,1059.0],[55.48217,-21.05278,1059.0],[55.4822,-21.05284,1059.0],[55.48253,-21.05291,1073.0],[55.48266,-21.05291,1073.0],[55.48274,-21.05293,1074.0],[55.48301,-21.0531,1067.0],[55.48325,-21.05317,1062.0],[55.48327,-21.05323,1077.0],[55.48324,-21.05326,1062.0],[55.48317,-21.05327,1081.0],[55.48298,-21.05322,1081.0],[55.48286,-21.05322,1087.0],[55.48273,-21.05327,1087.0],[55.48253,-21.05326,1086.0],[55.48212,-21.05335,1090.0],[55.48191,-21.05355,1107.0],[55.48168,-21.05375,1106.0],[55.48148,-21.05415,1105.0],[55.4813,-21.05445,1108.0],[55.48126,-21.0546,1112.0],[55.48113,-21.05472,1112.0],[55.48094,-21.05481,1111.0],[55.48073,-21.05512,1111.0],[55.48059,-21.05525,1111.0],[55.48055,-21.05536,1111.0],[55.48055,-21.05554,1123.0],[55.48051,-21.0557,1115.0],[55.48044,-21.05583,1125.0],[55.48027,-21.05605,1107.0],[55.48016,-21.0563,1109.0],[55.48005,-21.05641,1100.0],[55.47999,-21.05653,1100.0],[55.47982,-21.05669,1092.0],[55.47976,-21.05677,1097.0],[55.47965,-21.05695,1098.0],[55.47951,-21.0571,1096.0],[55.47948,-21.05714,1095.0],[55.47948,-21.05714,1095.0],[55.47938,-21.0573,1096.0],[55.47927,-21.0575,1096.0],[55.47918,-21.05758,1096.0],[55.479,-21.0577,1094.0],[55.47883,-21.0579,1092.0],[55.47875,-21.05803,1084.0],[55.4787,-21.05806,1084.0],[55.47859,-21.05808,1084.0],[55.47851,-21.05816,1084.0],[55.47836,-21.05843,1086.0],[55.47833,-21.05853,1082.0],[55.47835,-21.05875,1082.0],[55.47832,-21.05881,1089.0],[55.47823,-21.05886,1089.0],[55.47815,-21.05889,1078.0],[55.4781,-21.05889,1078.0],[55.47792,-21.0589,1075.0],[55.47783,-21.05889,1075.0],[55.47765,-21.05885,1074.0],[55.4772,-21.05878,1074.0],[55.47698,-21.05871,1076.0],[55.47659,-21.05868,1075.0],[55.4762,-21.05867,1077.0],[55.47558,-21.05858,1080.0],[55.47493,-21.05846,1078.0],[55.47477,-21.05844,1078.0],[55.47455,-21.05842,1077.0],[55.47429,-21.05843,1078.0],[55.47397,-21.05836,1069.0],[55.47359,-21.05833,1066.0],[55.47337,-21.05834,1063.0],[55.47323,-21.05833,1063.0],[55.47307,-21.05831,1062.0],[55.47288,-21.05826,1063.0],[55.47254,-21.05825,1070.0],[55.4722,-21.05823,1065.0],[55.47208,-21.05817,1068.0],[55.47196,-21.05816,1068.0],[55.47174,-21.05822,1066.0],[55.47169,-21.05834,1061.0],[55.47172,-21.05845,1067.0],[55.47164,-21.05854,1062.0],[55.47153,-21.05857,1057.0],[55.47151,-21.05878,1059.0],[55.47143,-21.05882,1059.0],[55.47137,-21.05892,1059.0],[55.47127,-21.05893,1050.0],[55.47118,-21.05894,1050.0],[55.47116,-21.0589,1050.0],[55.47118,-21.05884,1050.0],[55.47117,-21.05876,1050.0],[55.47106,-21.05861,1044.0],[55.47103,-21.05857,1044.0],[55.47097,-21.05859,1047.0],[55.47084,-21.05861,1036.0],[55.47085,-21.05871,1044.0],[55.47094,-21.05882,1048.0],[55.47101,-21.05901,1050.0],[55.47105,-21.0591,1050.0],[55.47105,-21.05935,1050.0],[55.47105,-21.05941,1050.0],[55.47112,-21.05999,1054.0],[55.4709,-21.05985,1067.0],[55.47086,-21.06009,1067.0],[55.4707,-21.05994,1080.0],[55.4707,-21.05995,1080.0],[55.47066,-21.06018,1091.0],[55.47062,-21.06044,1101.0],[55.47057,-21.06049,1101.0],[55.47051,-21.06071,1106.0],[55.47036,-21.06081,1117.0],[55.47031,-21.06082,1117.0],[55.47021,-21.06081,1117.0],[55.4701,-21.0609,1132.0],[55.46993,-21.0606,1123.0],[55.46999,-21.06046,1123.0],[55.46988,-21.06045,1137.0],[55.46985,-21.0606,1137.0],[55.46968,-21.06059,1137.0],[55.46966,-21.06047,1137.0],[55.46945,-21.06047,1149.0],[55.46905,-21.06036,1159.0],[55.46875,-21.06021,1190.0],[55.46868,-21.06018,1190.0],[55.4684,-21.05997,1195.0],[55.46829,-21.05991,1195.0],[55.46818,-21.05988,1206.0],[55.46776,-21.05987,1183.0],[55.46755,-21.05989,1200.0],[55.46725,-21.05978,1179.0],[55.46701,-21.05982,1201.0],[55.46672,-21.05979,1194.0],[55.46665,-21.05981,1206.0],[55.46664,-21.05982,1206.0],[55.46659,-21.05987,1210.0],[55.46655,-21.05995,1210.0],[55.46658,-21.06001,1210.0],[55.46657,-21.06008,1210.0],[55.46653,-21.06005,1210.0],[55.46646,-21.06003,1210.0],[55.46638,-21.05996,1210.0],[55.46634,-21.06011,1217.0],[55.46639,-21.06019,1217.0],[55.46636,-21.06021,1217.0],[55.46637,-21.06025,1217.0],[55.46636,-21.06027,1217.0],[55.46622,-21.06024,1227.0],[55.46621,-21.06026,1227.0],[55.46628,-21.06033,1219.0],[55.46647,-21.0605,1222.0],[55.4664,-21.06058,1222.0],[55.46648,-21.06068,1237.0],[55.46647,-21.06081,1237.0],[55.46649,-21.06098,1249.0],[55.46633,-21.06074,1237.0],[55.46632,-21.06075,1237.0],[55.46632,-21.06076,1237.0],[55.46632,-21.06091,1249.0],[55.46627,-21.06087,1269.0],[55.46621,-21.06079,1269.0],[55.46617,-21.0608,1269.0],[55.46616,-21.06084,1269.0],[55.46619,-21.06089,1269.0],[55.46619,-21.06097,1272.0],[55.4662,-21.06109,1272.0],[55.46615,-21.06106,1272.0],[55.46613,-21.06106,1272.0],[55.46616,-21.06115,1272.0],[55.46612,-21.06126,1274.0],[55.46608,-21.06123,1274.0],[55.46603,-21.06115,1272.0],[55.46601,-21.06114,1272.0],[55.46598,-21.06121,1301.0],[55.46596,-21.06121,1301.0],[55.46591,-21.06116,1303.0],[55.46589,-21.06121,1301.0],[55.46585,-21.06127,1301.0],[55.46578,-21.06133,1301.0],[55.4658,-21.06139,1301.0],[55.46572,-21.06148,1301.0],[55.4657,-21.06155,1317.0],[55.46572,-21.06162,1302.0],[55.46555,-21.06182,1334.0],[55.46554,-21.06183,1334.0],[55.46526,-21.06184,1348.0],[55.46514,-21.062,1367.0],[55.46504,-21.06207,1367.0],[55.46498,-21.06215,1367.0],[55.46491,-21.06225,1367.0],[55.46486,-21.06239,1377.0],[55.46476,-21.06251,1377.0],[55.46466,-21.06273,1384.0],[55.46434,-21.06322,1392.0],[55.46432,-21.06326,1392.0],[55.46426,-21.06327,1392.0],[55.46425,-21.06331,1392.0],[55.46416,-21.06333,1392.0],[55.46414,-21.06337,1392.0],[55.46383,-21.06363,1406.0],[55.4637,-21.0637,1423.0],[55.46342,-21.06393,1404.0],[55.46333,-21.06394,1409.0],[55.46328,-21.0639,1409.0],[55.46322,-21.06389,1409.0],[55.46317,-21.06384,1409.0],[55.46313,-21.06385,1403.0],[55.46309,-21.06385,1403.0],[55.46283,-21.064,1405.0],[55.46274,-21.06399,1395.0],[55.46269,-21.06394,1401.0],[55.46268,-21.0639,1401.0],[55.46264,-21.06389,1401.0],[55.46263,-21.06387,1401.0],[55.46255,-21.06387,1401.0],[55.46251,-21.06384,1401.0],[55.46254,-21.06374,1401.0],[55.46255,-21.06363,1403.0],[55.46247,-21.06365,1393.0],[55.46242,-21.06369,1393.0],[55.46237,-21.06369,1403.0],[55.46231,-21.06372,1405.0],[55.46226,-21.06379,1405.0],[55.46222,-21.06384,1405.0],[55.4622,-21.06383,1405.0],[55.46221,-21.06375,1405.0],[55.46219,-21.06373,1405.0],[55.46214,-21.0638,1405.0],[55.46213,-21.0638,1405.0],[55.46209,-21.06363,1414.0],[55.46211,-21.06358,1403.0],[55.462,-21.06342,1414.0],[55.46191,-21.06333,1420.0],[55.46187,-21.06331,1428.0],[55.46182,-21.06325,1428.0],[55.46185,-21.06316,1428.0],[55.46183,-21.06314,1428.0],[55.4618,-21.06313,1428.0],[55.46179,-21.06312,1428.0],[55.46158,-21.06315,1428.0],[55.4615,-21.06315,1441.0],[55.46146,-21.06311,1441.0],[55.46146,-21.06302,1429.0],[55.46131,-21.06293,1429.0],[55.4612,-21.06281,1429.0],[55.46114,-21.06277,1429.0],[55.46106,-21.06275,1429.0],[55.46097,-21.06266,1434.0],[55.4608,-21.06262,1434.0],[55.46077,-21.06262,1434.0],[55.46057,-21.06261,1442.0],[55.46037,-21.06269,1440.0],[55.46033,-21.06268,1453.0],[55.4603,-21.06268,1453.0],[55.46027,-21.06271,1453.0],[55.46019,-21.06269,1460.0],[55.46007,-21.06258,1447.0],[55.46001,-21.06256,1447.0],[55.45995,-21.06258,1447.0],[55.45956,-21.06287,1457.0],[55.45956,-21.06292,1471.0],[55.45943,-21.063,1471.0],[55.45938,-21.06306,1478.0],[55.45912,-21.06332,1491.0],[55.45899,-21.06347,1496.0],[55.45865,-21.06366,1498.0],[55.45852,-21.06366,1498.0],[55.45847,-21.06361,1502.0],[55.45834,-21.06358,1502.0],[55.45827,-21.06363,1502.0],[55.45807,-21.06382,1509.0],[55.45804,-21.06391,1509.0],[55.45807,-21.06406,1518.0],[55.45805,-21.06417,1518.0],[55.45797,-21.06446,1537.0],[55.45796,-21.06475,1551.0],[55.45799,-21.06478,1551.0],[55.45791,-21.06492,1560.0],[55.45801,-21.06504,1555.0],[55.4579,-21.06507,1560.0],[55.45781,-21.0651,1574.0],[55.45773,-21.06509,1560.0],[55.45768,-21.06514,1572.0],[55.45749,-21.06515,1572.0],[55.45736,-21.0651,1565.0],[55.45731,-21.06503,1571.0],[55.45726,-21.06503,1571.0],[55.45725,-21.06507,1571.0],[55.45719,-21.0651,1576.0],[55.45711,-21.06503,1571.0],[55.45705,-21.06507,1576.0],[55.45701,-21.06518,1574.0],[55.45693,-21.06523,1574.0],[55.45686,-21.06524,1581.0],[55.45676,-21.06523,1581.0],[55.45667,-21.06518,1581.0],[55.45661,-21.06519,1581.0],[55.45651,-21.06511,1591.0],[55.45642,-21.0651,1591.0],[55.45636,-21.06509,1588.0],[55.45632,-21.06512,1591.0],[55.4562,-21.06511,1604.0],[55.45609,-21.06508,1609.0],[55.45607,-21.06504,1609.0],[55.45597,-21.06503,1625.0],[55.45592,-21.06505,1625.0],[55.45581,-21.06523,1614.0],[55.4557,-21.06522,1622.0],[55.45568,-21.06524,1622.0],[55.45568,-21.0653,1622.0],[55.45547,-21.06562,1622.0],[55.45545,-21.06584,1622.0],[55.45542,-21.06591,1631.0],[55.45528,-21.06601,1631.0],[55.45512,-21.06615,1651.0],[55.45529,-21.0662,1668.0],[55.4551,-21.06626,1662.0],[55.45513,-21.06632,1662.0],[55.45508,-21.06635,1662.0],[55.45518,-21.06646,1662.0],[55.45508,-21.06644,1662.0],[55.45503,-21.06645,1662.0],[55.45512,-21.06652,1689.0],[55.45502,-21.06656,1689.0],[55.45517,-21.0667,1689.0],[55.45502,-21.06675,1689.0],[55.45514,-21.06686,1713.0],[55.45508,-21.06691,1713.0],[55.45506,-21.06699,1713.0],[55.45518,-21.06701,1741.0],[55.45509,-21.06713,1741.0],[55.45515,-21.06718,1741.0],[55.45511,-21.06728,1741.0],[55.45497,-21.06733,1751.0],[55.45479,-21.06739,1761.0],[55.45468,-21.06738,1749.0],[55.45453,-21.06743,1753.0],[55.45427,-21.06751,1750.0],[55.45423,-21.06755,1748.0],[55.4542,-21.0676,1756.0],[55.4542,-21.06765,1756.0],[55.45417,-21.06771,1756.0],[55.45405,-21.06777,1747.0],[55.45378,-21.06781,1746.0],[55.45331,-21.06782,1748.0],[55.45326,-21.06786,1745.0],[55.45318,-21.06786,1742.0],[55.45316,-21.06787,1742.0],[55.45313,-21.06788,1742.0],[55.45308,-21.06787,1742.0],[55.45304,-21.0679,1748.0],[55.45296,-21.0679,1748.0],[55.45289,-21.06794,1748.0],[55.45286,-21.06797,1748.0],[55.45281,-21.06799,1748.0],[55.45277,-21.06807,1748.0],[55.45272,-21.06813,1758.0],[55.45262,-21.06818,1755.0],[55.4525,-21.06828,1749.0],[55.4524,-21.06841,1751.0],[55.45238,-21.06842,1751.0],[55.45229,-21.06841,1751.0],[55.45227,-21.06844,1751.0],[55.45226,-21.06845,1751.0],[55.45225,-21.06866,1751.0],[55.45222,-21.06873,1753.0],[55.45214,-21.0688,1753.0],[55.45198,-21.0689,1754.0],[55.45194,-21.06896,1754.0],[55.45193,-21.06906,1755.0],[55.45181,-21.06916,1757.0],[55.45178,-21.06923,1757.0],[55.45179,-21.06931,1764.0],[55.45169,-21.06966,1773.0],[55.4517,-21.06971,1773.0],[55.45171,-21.06973,1773.0],[55.45173,-21.06976,1773.0],[55.45172,-21.06984,1775.0],[55.4517,-21.06991,1775.0],[55.45161,-21.06991,1775.0],[55.45151,-21.0699,1781.0],[55.4512,-21.06967,1785.0],[55.45093,-21.06947,1789.0],[55.45085,-21.06946,1789.0],[55.45078,-21.06948,1789.0],[55.45073,-21.06945,1789.0],[55.45069,-21.06939,1790.0],[55.45061,-21.06923,1792.0],[55.45054,-21.069,1792.0],[55.45046,-21.06876,1799.0],[55.45043,-21.06871,1799.0],[55.45039,-21.06871,1799.0],[55.45038,-21.06871,1799.0],[55.45035,-21.06872,1799.0],[55.45034,-21.06878,1799.0],[55.45036,-21.069,1804.0],[55.45035,-21.06912,1804.0],[55.45031,-21.06915,1804.0],[55.45025,-21.06915,1804.0],[55.4502,-21.06908,1805.0],[55.45015,-21.06853,1802.0],[55.45021,-21.06827,1805.0],[55.45021,-21.06827,1800.0],[55.45018,-21.0681,1805.0],[55.45016,-21.06783,1806.0],[55.45022,-21.06749,1801.0],[55.45027,-21.06741,1807.0],[55.45034,-21.06737,1807.0],[55.45057,-21.06736,1802.0],[55.45064,-21.06729,1810.0],[55.45091,-21.0669,1800.0],[55.45096,-21.06657,1799.0],[55.45102,-21.0662,1798.0],[55.45102,-21.0662,1797.0],[55.45108,-21.06617,1801.0],[55.45111,-21.06613,1801.0],[55.45108,-21.06578,1798.0],[55.45118,-21.0656,1798.0],[55.45126,-21.06537,1799.0],[55.45125,-21.06528,1808.0],[55.4511,-21.06498,1794.0],[55.45109,-21.06479,1789.0],[55.45104,-21.06473,1797.0],[55.45079,-21.06457,1797.0],[55.45058,-21.06424,1797.0],[55.45058,-21.06421,1797.0],[55.45057,-21.06414,1797.0],[55.45068,-21.06405,1797.0],[55.45079,-21.06392,1791.0],[55.45089,-21.06373,1791.0],[55.45103,-21.06351,1790.0],[55.45122,-21.06321,1790.0],[55.45127,-21.06316,1790.0],[55.4513,-21.06298,1788.0],[55.45123,-21.06286,1790.0],[55.45124,-21.06281,1798.0],[55.45132,-21.0627,1790.0],[55.45144,-21.06262,1790.0],[55.45154,-21.06248,1796.0],[55.45179,-21.06232,1787.0],[55.45182,-21.0623,1787.0],[55.45193,-21.06229,1779.0],[55.45227,-21.06208,1769.0],[55.45245,-21.0619,1765.0],[55.45245,-21.06186,1769.0],[55.45243,-21.06184,1765.0],[55.45246,-21.06176,1770.0],[55.45253,-21.06172,1770.0],[55.45264,-21.06171,1768.0],[55.45274,-21.06164,1765.0],[55.45275,-21.06152,1765.0],[55.4528,-21.06141,1768.0],[55.4529,-21.06129,1768.0],[55.45292,-21.06125,1768.0],[55.45292,-21.06111,1765.0],[55.453,-21.06095,1779.0],[55.45318,-21.06095,1762.0],[55.45323,-21.06091,1749.0],[55.45328,-21.06085,1760.0],[55.45337,-21.06078,1760.0],[55.45338,-21.06068,1760.0],[55.45344,-21.06077,1760.0],[55.45347,-21.0606,1760.0],[55.45351,-21.06066,1743.0],[55.45355,-21.0607,1743.0],[55.45355,-21.06055,1743.0],[55.45361,-21.06047,1743.0],[55.45374,-21.06042,1743.0],[55.45372,-21.06033,1740.0],[55.45372,-21.06019,1740.0],[55.45362,-21.06014,1740.0],[55.45365,-21.06011,1740.0],[55.45374,-21.06009,1742.0],[55.45377,-21.06005,1742.0],[55.45384,-21.06002,1726.0],[55.45385,-21.05999,1726.0],[55.45382,-21.0599,1739.0],[55.45383,-21.05981,1726.0],[55.45379,-21.05972,1739.0],[55.45375,-21.05969,1739.0],[55.4538,-21.05961,1739.0],[55.45387,-21.05958,1728.0],[55.4539,-21.05952,1728.0],[55.45392,-21.05947,1730.0],[55.4539,-21.05942,1730.0],[55.45383,-21.05937,1740.0],[55.4538,-21.05931,1743.0],[55.45387,-21.05918,1741.0],[55.45401,-21.05902,1735.0],[55.45416,-21.05886,1730.0],[55.45431,-21.05877,1730.0],[55.45442,-21.05866,1730.0],[55.45442,-21.05867,1719.0],[55.45442,-21.0587,1712.0],[55.45438,-21.05878,1730.0],[55.45433,-21.05885,1730.0],[55.45429,-21.05887,1730.0],[55.45425,-21.05898,1730.0],[55.45418,-21.05911,1727.0],[55.45446,-21.0589,1712.0],[55.45456,-21.05879,1712.0],[55.45462,-21.05859,1714.0],[55.45469,-21.05849,1709.0],[55.45472,-21.0584,1709.0],[55.45482,-21.05838,1713.0],[55.45489,-21.05832,1717.0],[55.455,-21.05839,1713.0],[55.4551,-21.05834,1713.0],[55.45525,-21.05837,1706.0],[55.45543,-21.05832,1706.0],[55.45552,-21.05827,1695.0],[55.45559,-21.05816,1695.0],[55.45572,-21.05816,1683.0],[55.45588,-21.05797,1676.0],[55.45585,-21.05793,1676.0],[55.45581,-21.05782,1670.0],[55.45581,-21.05753,1670.0],[55.45579,-21.05746,1670.0],[55.45572,-21.0574,1670.0],[55.45571,-21.05736,1670.0],[55.45573,-21.05726,1666.0],[55.45576,-21.05738,1670.0],[55.4558,-21.05738,1670.0],[55.45581,-21.05728,1666.0],[55.45588,-21.05723,1666.0],[55.45595,-21.05713,1666.0],[55.45593,-21.05708,1666.0],[55.4559,-21.05706,1666.0],[55.4557,-21.05703,1684.0],[55.45559,-21.057,1668.0],[55.45558,-21.05699,1678.0],[55.4556,-21.05698,1678.0],[55.45572,-21.057,1666.0],[55.45582,-21.05699,1670.0],[55.45585,-21.05697,1670.0],[55.45583,-21.05696,1670.0],[55.45575,-21.05696,1670.0],[55.45563,-21.05692,1678.0],[55.45557,-21.05688,1670.0],[55.4556,-21.05687,1678.0],[55.45573,-21.05692,1670.0],[55.45579,-21.05692,1670.0],[55.4559,-21.05688,1670.0],[55.45572,-21.05684,1670.0],[55.45555,-21.05678,1662.0],[55.45558,-21.05677,1677.0],[55.45596,-21.05679,1669.0],[55.45592,-21.05675,1655.0],[55.45576,-21.05673,1655.0],[55.45567,-21.05669,1677.0],[55.45542,-21.05669,1689.0],[55.45524,-21.05659,1689.0],[55.45519,-21.0565,1727.0],[55.45531,-21.05636,1670.0],[55.45534,-21.05633,1692.0],[55.4554,-21.05621,1692.0],[55.45541,-21.05606,1651.0],[55.45538,-21.05596,1651.0],[55.45541,-21.05589,1625.0],[55.45531,-21.0557,1639.0],[55.45519,-21.05556,1628.0],[55.45503,-21.05554,1643.0],[55.45476,-21.05542,1630.0],[55.45471,-21.05536,1630.0],[55.45473,-21.05526,1630.0],[55.45464,-21.05501,1636.0],[55.45453,-21.05489,1642.0],[55.45449,-21.0549,1642.0],[55.45449,-21.0549,1642.0],[55.45443,-21.05488,1632.0],[55.45436,-21.05479,1656.0],[55.45437,-21.05468,1656.0],[55.45445,-21.05446,1628.0],[55.45456,-21.05404,1621.0],[55.45454,-21.05378,1618.0],[55.45458,-21.05358,1608.0],[55.45457,-21.05352,1608.0],[55.45454,-21.05342,1608.0],[55.45446,-21.05324,1608.0],[55.45448,-21.05314,1608.0],[55.45445,-21.05311,1608.0],[55.45427,-21.05287,1621.0],[55.45419,-21.05271,1621.0],[55.45402,-21.05261,1624.0],[55.45396,-21.05245,1622.0],[55.45392,-21.05239,1622.0],[55.45369,-21.05223,1627.0],[55.45361,-21.05222,1627.0],[55.45352,-21.05225,1627.0],[55.45345,-21.05233,1646.0],[55.45332,-21.05251,1646.0],[55.45327,-21.05275,1649.0],[55.45322,-21.05279,1655.0],[55.45316,-21.05277,1653.0],[55.45312,-21.05262,1642.0],[55.45314,-21.05248,1645.0],[55.45313,-21.05224,1643.0],[55.45303,-21.05224,1635.0],[55.45286,-21.05232,1644.0],[55.45278,-21.05238,1644.0],[55.45273,-21.05242,1644.0],[55.45271,-21.05256,1644.0],[55.45265,-21.05265,1646.0],[55.45252,-21.05265,1646.0],[55.45241,-21.0527,1644.0],[55.45241,-21.05283,1646.0],[55.45234,-21.05286,1633.0],[55.45232,-21.05293,1631.0],[55.45226,-21.05296,1645.0],[55.45214,-21.053,1645.0],[55.45189,-21.05301,1625.0],[55.45181,-21.05306,1618.0],[55.45156,-21.05311,1629.0],[55.45151,-21.05319,1619.0],[55.45152,-21.05352,1633.0],[55.45148,-21.05368,1633.0],[55.4515,-21.05382,1636.0],[55.4515,-21.05387,1653.0],[55.45144,-21.05388,1653.0],[55.4514,-21.05392,1653.0],[55.45127,-21.05396,1640.0],[55.45122,-21.05396,1640.0],[55.45104,-21.054,1662.0],[55.45105,-21.05393,1640.0],[55.45102,-21.05383,1640.0],[55.4509,-21.05378,1628.0],[55.45095,-21.05365,1620.0],[55.45087,-21.0535,1620.0],[55.45082,-21.05346,1620.0],[55.4508,-21.05334,1609.0],[55.45074,-21.05323,1609.0],[55.45064,-21.05322,1607.0],[55.45054,-21.05312,1607.0],[55.45049,-21.05305,1588.0],[55.45046,-21.05291,1588.0],[55.45051,-21.05272,1593.0],[55.4505,-21.05268,1565.0],[55.45048,-21.05266,1565.0],[55.45015,-21.05265,1580.0],[55.45009,-21.05269,1580.0],[55.45007,-21.05285,1580.0],[55.44998,-21.05283,1580.0],[55.44989,-21.05275,1588.0],[55.44978,-21.05276,1588.0],[55.4497,-21.05274,1588.0],[55.44958,-21.05275,1605.0],[55.44947,-21.05265,1582.0],[55.4493,-21.05267,1607.0],[55.44913,-21.05256,1582.0],[55.44896,-21.05254,1582.0],[55.44883,-21.05245,1582.0],[55.44876,-21.05229,1582.0],[55.44864,-21.05218,1582.0],[55.44858,-21.05214,1582.0],[55.44845,-21.05214,1580.0],[55.4483,-21.05207,1583.0],[55.44826,-21.05211,1580.0],[55.44836,-21.05221,1580.0],[55.44839,-21.05232,1584.0],[55.44847,-21.05241,1584.0],[55.44848,-21.0525,1584.0],[55.44845,-21.05259,1584.0],[55.44846,-21.05265,1583.0],[55.44846,-21.05271,1583.0],[55.4484,-21.05262,1583.0],[55.44839,-21.05248,1584.0],[55.44826,-21.05236,1584.0],[55.44817,-21.05224,1584.0],[55.44815,-21.05229,1575.0],[55.44816,-21.05239,1573.0],[55.44824,-21.05248,1584.0],[55.44824,-21.05255,1584.0],[55.44818,-21.05261,1565.0],[55.44817,-21.05265,1565.0],[55.44822,-21.05271,1583.0],[55.44823,-21.05281,1583.0],[55.44829,-21.05291,1574.0],[55.44793,-21.05298,1556.0],[55.44768,-21.05301,1540.0],[55.44752,-21.0531,1540.0],[55.44741,-21.05313,1540.0],[55.44741,-21.05322,1540.0],[55.44746,-21.05328,1540.0],[55.44745,-21.05337,1540.0],[55.44752,-21.05344,1557.0],[55.44753,-21.05351,1538.0],[55.44747,-21.05356,1557.0],[55.44742,-21.05372,1552.0],[55.4474,-21.05365,1536.0],[55.44741,-21.05351,1557.0],[55.44735,-21.05349,1536.0],[55.44721,-21.0533,1518.0],[55.44707,-21.05309,1500.0],[55.44702,-21.05309,1500.0],[55.44688,-21.05299,1485.0],[55.44684,-21.05274,1492.0],[55.44679,-21.05286,1481.0],[55.44683,-21.0529,1485.0],[55.44679,-21.05298,1500.0],[55.4468,-21.05311,1495.0],[55.44696,-21.05329,1497.0],[55.4469,-21.05328,1495.0],[55.44682,-21.05322,1495.0],[55.44681,-21.05336,1499.0],[55.44677,-21.05338,1495.0],[55.44658,-21.05333,1498.0],[55.44672,-21.05347,1501.0],[55.44675,-21.0536,1501.0],[55.44653,-21.0536,1504.0],[55.44619,-21.05364,1533.0],[55.44602,-21.05359,1533.0],[55.44598,-21.05352,1543.0],[55.44591,-21.05345,1543.0],[55.44568,-21.05333,1551.0],[55.44559,-21.05318,1529.0],[55.44557,-21.05294,1544.0],[55.4456,-21.05283,1516.0],[55.44558,-21.05263,1516.0],[55.44559,-21.05255,1491.0],[55.44555,-21.0525,1491.0],[55.44549,-21.05249,1492.0],[55.44547,-21.05245,1492.0],[55.44548,-21.05238,1492.0],[55.44543,-21.05228,1481.0],[55.44536,-21.05222,1481.0],[55.44526,-21.05191,1471.0],[55.44521,-21.05183,1471.0],[55.4452,-21.05178,1465.0],[55.44528,-21.05167,1450.0],[55.44528,-21.05155,1450.0],[55.44524,-21.05137,1433.0],[55.44527,-21.05122,1433.0],[55.44523,-21.05101,1432.0],[55.44518,-21.05092,1438.0],[55.44512,-21.05055,1432.0],[55.44507,-21.05014,1437.0],[55.44504,-21.04982,1460.0],[55.445,-21.04976,1459.0],[55.445,-21.04959,1459.0],[55.44503,-21.04939,1468.0],[55.44506,-21.04919,1448.0],[55.44523,-21.04879,1452.0],[55.4454,-21.04839,1449.0],[55.44561,-21.04791,1446.0],[55.44587,-21.04764,1419.0],[55.44594,-21.04754,1413.0],[55.44594,-21.04743,1413.0],[55.44592,-21.04742,1413.0],[55.44581,-21.04734,1447.0],[55.44559,-21.04733,1447.0],[55.44536,-21.04721,1475.0],[55.44521,-21.04704,1475.0],[55.44497,-21.04688,1483.0],[55.44481,-21.04661,1483.0],[55.44463,-21.04645,1466.0],[55.44452,-21.04629,1494.0],[55.44449,-21.04625,1494.0],[55.44436,-21.04598,1495.0],[55.4443,-21.0458,1500.0],[55.4443,-21.04575,1500.0],[55.44438,-21.04554,1493.0],[55.4444,-21.04536,1491.0],[55.44437,-21.04519,1491.0],[55.44429,-21.04498,1486.0],[55.44422,-21.04493,1490.0],[55.44424,-21.04487,1486.0],[55.44408,-21.04483,1494.0],[55.444,-21.04473,1490.0],[55.4439,-21.04476,1490.0],[55.44379,-21.0446,1486.0],[55.44359,-21.04447,1482.0],[55.44358,-21.04431,1482.0],[55.4435,-21.04419,1475.0],[55.44348,-21.0441,1475.0],[55.44339,-21.044,1475.0],[55.44341,-21.0441,1475.0],[55.44339,-21.04413,1475.0],[55.44332,-21.04405,1475.0],[55.44333,-21.04388,1467.0],[55.44328,-21.04377,1467.0],[55.44322,-21.04374,1467.0],[55.44312,-21.04374,1465.0],[55.44302,-21.04363,1458.0],[55.44311,-21.04346,1458.0],[55.44303,-21.04332,1446.0],[55.443,-21.0432,1442.0],[55.44305,-21.04308,1437.0],[55.44299,-21.04275,1436.0],[55.44293,-21.04268,1436.0],[55.44287,-21.04267,1436.0],[55.44282,-21.04268,1436.0],[55.44285,-21.04255,1435.0],[55.44284,-21.04243,1435.0],[55.44272,-21.0422,1431.0],[55.44272,-21.04202,1431.0],[55.44266,-21.04195,1422.0],[55.44254,-21.04195,1422.0],[55.44253,-21.0419,1422.0],[55.44258,-21.04177,1422.0],[55.44255,-21.04161,1422.0],[55.44244,-21.04157,1422.0],[55.44243,-21.04147,1408.0],[55.44233,-21.0414,1415.0],[55.44232,-21.04131,1415.0],[55.44242,-21.04121,1408.0],[55.44237,-21.04107,1405.0],[55.44221,-21.04094,1405.0],[55.44219,-21.04092,1405.0],[55.44208,-21.04088,1393.0],[55.44207,-21.04084,1393.0],[55.44209,-21.04071,1393.0],[55.44199,-21.04062,1393.0],[55.44189,-21.04049,1384.0],[55.44184,-21.04037,1387.0],[55.44176,-21.04027,1387.0],[55.44158,-21.04007,1383.0],[55.44154,-21.04011,1375.0],[55.44147,-21.0401,1375.0],[55.44153,-21.04023,1375.0],[55.44146,-21.04021,1375.0],[55.44152,-21.04031,1375.0],[55.44145,-21.04032,1375.0],[55.44155,-21.0404,1375.0],[55.44165,-21.04061,1369.0],[55.44151,-21.04053,1367.0],[55.44159,-21.04068,1363.0],[55.44142,-21.04053,1367.0],[55.44145,-21.04066,1363.0],[55.44136,-21.04059,1367.0],[55.44123,-21.04052,1347.0],[55.44116,-21.04054,1347.0],[55.44103,-21.04045,1347.0],[55.44098,-21.04039,1339.0],[55.44087,-21.04037,1339.0],[55.44064,-21.04006,1336.0],[55.44046,-21.03999,1307.0],[55.44036,-21.03978,1334.0],[55.44035,-21.0399,1307.0],[55.44027,-21.03979,1334.0],[55.44026,-21.03987,1307.0],[55.44008,-21.03978,1306.0],[55.44,-21.03979,1306.0],[55.4399,-21.03973,1285.0],[55.43981,-21.03972,1285.0],[55.43969,-21.03969,1285.0],[55.4395,-21.0396,1275.0],[55.43945,-21.03947,1265.0],[55.43956,-21.03943,1265.0],[55.43958,-21.03937,1265.0],[55.43956,-21.03935,1265.0],[55.43948,-21.03937,1265.0],[55.43947,-21.03931,1265.0],[55.43937,-21.03934,1249.0],[55.43936,-21.03927,1247.0],[55.43929,-21.03932,1249.0],[55.43927,-21.03941,1249.0],[55.43923,-21.03937,1249.0],[55.43922,-21.03945,1249.0],[55.43917,-21.0394,1249.0],[55.43914,-21.0395,1249.0],[55.43908,-21.03956,1227.0],[55.43905,-21.03958,1227.0],[55.43899,-21.03956,1227.0],[55.43905,-21.03948,1229.0],[55.43899,-21.03948,1229.0],[55.43897,-21.03945,1229.0],[55.43891,-21.03948,1229.0],[55.43889,-21.03939,1229.0],[55.43885,-21.03941,1229.0],[55.43883,-21.03945,1229.0],[55.43879,-21.03952,1205.0],[55.4387,-21.03937,1217.0],[55.43869,-21.03955,1205.0],[55.43857,-21.03965,1205.0],[55.43848,-21.03968,1182.0],[55.43847,-21.03964,1182.0],[55.43849,-21.03941,1181.0],[55.43844,-21.03941,1181.0],[55.43833,-21.03948,1181.0],[55.43824,-21.03939,1181.0],[55.43805,-21.03928,1166.0],[55.43801,-21.03927,1166.0],[55.43799,-21.03922,1158.0],[55.43787,-21.03916,1158.0],[55.43751,-21.03892,1148.0],[55.43737,-21.03879,1141.0],[55.43728,-21.03872,1141.0],[55.43721,-21.03865,1137.0],[55.4371,-21.03857,1132.0],[55.43689,-21.03841,1125.0],[55.43673,-21.03828,1121.0],[55.43668,-21.03816,1121.0],[55.43665,-21.03833,1121.0],[55.43656,-21.03809,1109.0],[55.43651,-21.03823,1115.0],[55.43644,-21.03801,1109.0],[55.43637,-21.03817,1115.0],[55.43629,-21.03795,1100.0],[55.43624,-21.03814,1105.0],[55.43615,-21.03791,1100.0],[55.43615,-21.03791,1100.0],[55.43608,-21.03812,1105.0],[55.43606,-21.03809,1100.0],[55.43599,-21.0379,1089.0],[55.43592,-21.03805,1095.0],[55.43587,-21.03796,1089.0],[55.43587,-21.03778,1091.0],[55.43581,-21.03772,1091.0],[55.43572,-21.03768,1091.0],[55.43552,-21.03757,1075.0],[55.43536,-21.03751,1067.0],[55.43527,-21.0375,1067.0],[55.43518,-21.03738,1058.0],[55.43498,-21.03729,1053.0],[55.43487,-21.03721,1046.0],[55.43475,-21.03715,1046.0],[55.43472,-21.03714,1046.0],[55.43463,-21.03719,1046.0],[55.43437,-21.03704,1035.0],[55.43419,-21.03704,1035.0],[55.43396,-21.03691,1032.0],[55.43369,-21.03696,1026.0],[55.43343,-21.03691,1013.0],[55.43325,-21.03668,1012.0],[55.43313,-21.03661,1005.0],[55.433,-21.03666,1005.0],[55.43289,-21.03656,1002.0],[55.43279,-21.03659,1002.0],[55.43259,-21.03654,997.0],[55.43244,-21.03653,997.0],[55.43236,-21.03658,988.0],[55.43227,-21.03654,988.0],[55.43223,-21.03651,988.0],[55.43221,-21.03637,986.0],[55.43218,-21.03631,986.0],[55.43212,-21.03627,986.0],[55.4318,-21.03623,970.0],[55.43143,-21.03618,965.0],[55.43126,-21.03621,959.0],[55.43115,-21.03618,958.0],[55.43105,-21.03612,958.0],[55.4309,-21.03587,949.0],[55.43084,-21.0358,949.0],[55.43066,-21.03582,942.0],[55.4307,-21.03576,942.0],[55.43064,-21.03574,942.0],[55.43057,-21.03579,942.0],[55.43051,-21.03579,942.0],[55.43037,-21.03568,935.0],[55.43036,-21.03563,935.0],[55.43045,-21.03559,925.0],[55.43045,-21.03556,925.0],[55.4304,-21.03551,925.0],[55.43027,-21.0355,925.0],[55.43017,-21.03544,915.0],[55.43011,-21.03533,911.0],[55.43011,-21.0352,911.0],[55.43002,-21.03507,909.0],[55.43018,-21.03493,918.0],[55.43029,-21.03486,917.0],[55.43029,-21.03482,917.0],[55.43024,-21.03472,917.0],[55.43001,-21.03453,916.0],[55.42995,-21.03453,916.0],[55.42984,-21.03447,916.0],[55.42972,-21.03441,916.0],[55.42931,-21.0342,907.0],[55.42929,-21.0343,902.0],[55.42954,-21.03451,906.0],[55.42967,-21.03458,905.0],[55.42975,-21.03475,905.0],[55.42967,-21.03485,901.0],[55.4296,-21.03494,895.0],[55.42952,-21.03498,901.0],[55.42952,-21.03499,895.0],[55.42935,-21.03508,892.0],[55.42912,-21.03518,897.0],[55.42894,-21.03526,897.0],[55.42877,-21.03534,892.0],[55.42869,-21.03537,892.0],[55.42813,-21.03542,877.0],[55.42791,-21.03526,864.0],[55.42786,-21.0354,872.0],[55.42776,-21.03536,864.0],[55.42775,-21.03529,864.0],[55.42763,-21.03512,857.0],[55.42762,-21.03513,857.0],[55.42764,-21.03527,857.0],[55.42758,-21.0352,857.0],[55.42756,-21.03537,857.0],[55.42751,-21.03534,857.0],[55.4275,-21.03548,857.0],[55.42744,-21.03559,857.0],[55.42737,-21.03549,842.0],[55.42737,-21.03533,847.0],[55.42734,-21.03529,847.0],[55.42732,-21.03532,847.0],[55.42728,-21.0353,847.0],[55.42727,-21.03549,842.0],[55.42718,-21.03539,847.0],[55.42716,-21.03555,842.0],[55.42712,-21.03547,842.0],[55.4271,-21.03547,824.0],[55.42708,-21.03553,824.0],[55.42711,-21.03559,842.0],[55.42703,-21.03553,824.0],[55.42711,-21.03567,837.0],[55.42708,-21.03567,830.0],[55.42697,-21.03557,824.0],[55.42702,-21.0357,830.0],[55.42693,-21.03566,830.0],[55.42689,-21.03565,827.0],[55.42706,-21.03585,830.0],[55.42704,-21.0359,840.0],[55.4272,-21.03604,835.0],[55.42718,-21.0361,842.0],[55.42706,-21.03606,840.0],[55.42697,-21.03615,840.0],[55.4269,-21.03615,840.0],[55.42685,-21.03621,857.0],[55.42676,-21.03616,840.0],[55.42674,-21.03616,840.0],[55.42675,-21.03622,857.0],[55.42682,-21.03631,857.0],[55.42683,-21.03635,857.0],[55.42682,-21.03637,857.0],[55.4268,-21.03638,857.0],[55.42682,-21.0364,857.0],[55.42679,-21.03641,857.0],[55.42674,-21.03641,857.0],[55.42658,-21.0363,861.0],[55.42654,-21.0363,861.0],[55.42666,-21.03646,857.0],[55.42678,-21.03651,877.0],[55.42688,-21.03648,857.0],[55.42692,-21.03649,849.0],[55.42695,-21.03652,872.0],[55.42695,-21.03654,872.0],[55.42687,-21.03656,877.0],[55.42687,-21.0366,877.0],[55.42716,-21.0368,877.0],[55.42717,-21.03682,883.0],[55.42713,-21.03683,883.0],[55.42681,-21.03669,877.0],[55.4264,-21.03649,869.0],[55.42627,-21.03633,862.0],[55.42617,-21.0363,862.0],[55.42599,-21.03613,861.0],[55.42591,-21.03603,862.0],[55.42589,-21.03608,861.0],[55.42604,-21.03626,862.0],[55.42609,-21.03644,862.0],[55.42636,-21.03659,875.0],[55.42659,-21.03685,883.0],[55.42683,-21.03724,888.0],[55.42695,-21.03738,888.0],[55.42711,-21.03744,890.0],[55.42731,-21.03772,895.0],[55.42767,-21.03801,903.0],[55.42793,-21.03813,906.0],[55.42833,-21.03843,912.0],[55.42849,-21.03869,912.0],[55.42863,-21.03887,922.0],[55.42887,-21.03903,917.0],[55.42887,-21.03911,929.0],[55.4288,-21.03918,929.0],[55.42862,-21.03916,919.0],[55.4285,-21.03917,912.0],[55.42848,-21.03921,912.0],[55.42855,-21.03925,923.0],[55.42857,-21.03934,917.0],[55.42857,-21.03936,922.0],[55.42863,-21.03949,922.0],[55.42848,-21.03966,915.0],[55.4284,-21.0397,915.0],[55.42827,-21.03975,915.0],[55.42823,-21.03972,915.0],[55.42822,-21.03961,915.0],[55.428,-21.03961,915.0],[55.42789,-21.03969,915.0],[55.42773,-21.03965,915.0],[55.42758,-21.0396,915.0],[55.42746,-21.03953,915.0],[55.4272,-21.03963,910.0],[55.42681,-21.03993,901.0],[55.42653,-21.04007,897.0],[55.4264,-21.04024,899.0],[55.42617,-21.0405,897.0],[55.42604,-21.04068,894.0],[55.42593,-21.04082,895.0],[55.42563,-21.04082,893.0],[55.42541,-21.0405,886.0],[55.42527,-21.04043,886.0],[55.42518,-21.0403,884.0],[55.42527,-21.04043,886.0],[55.42514,-21.0404,883.0],[55.42501,-21.04041,883.0],[55.42498,-21.04048,883.0],[55.425,-21.04066,883.0],[55.42502,-21.04105,876.0],[55.42491,-21.04108,884.0],[55.42482,-21.04114,870.0],[55.4247,-21.04115,870.0],[55.42467,-21.04114,870.0],[55.42465,-21.04107,870.0],[55.42462,-21.04105,870.0],[55.42458,-21.04107,860.0],[55.42453,-21.04115,860.0],[55.42446,-21.04114,860.0],[55.42446,-21.04118,860.0],[55.42456,-21.04125,858.0],[55.42456,-21.04129,858.0],[55.42453,-21.04132,858.0],[55.4244,-21.04131,839.0],[55.42438,-21.04142,839.0],[55.42435,-21.04142,839.0],[55.42431,-21.04138,839.0],[55.42428,-21.0414,839.0],[55.42426,-21.04144,839.0],[55.42434,-21.04154,838.0],[55.42419,-21.04174,837.0],[55.42421,-21.0418,838.0],[55.42423,-21.04203,834.0],[55.42432,-21.04222,838.0],[55.42426,-21.04248,838.0],[55.42431,-21.0428,833.0],[55.42432,-21.04293,826.0],[55.42443,-21.04298,835.0],[55.42444,-21.04319,826.0],[55.42459,-21.04334,826.0],[55.42463,-21.04344,826.0],[55.42468,-21.04338,831.0],[55.42479,-21.04335,831.0],[55.42473,-21.04353,826.0],[55.42478,-21.04353,826.0],[55.42473,-21.04363,826.0],[55.42489,-21.04362,826.0],[55.42481,-21.04375,832.0],[55.42486,-21.04384,832.0],[55.42485,-21.04393,832.0],[55.4249,-21.04399,832.0],[55.42488,-21.04409,838.0],[55.42495,-21.04436,835.0],[55.42493,-21.04443,835.0],[55.42492,-21.04446,835.0],[55.42486,-21.04456,855.0],[55.42473,-21.04448,847.0],[55.42465,-21.04437,847.0],[55.4246,-21.04436,870.0],[55.42451,-21.04438,870.0],[55.42457,-21.04455,879.0],[55.42445,-21.0445,879.0],[55.42447,-21.04463,879.0],[55.42445,-21.04465,879.0],[55.42442,-21.04464,879.0],[55.42433,-21.04454,902.0],[55.42428,-21.0447,902.0],[55.42423,-21.04468,902.0],[55.42421,-21.04458,902.0],[55.42411,-21.04467,902.0],[55.42402,-21.04458,913.0],[55.42397,-21.0447,913.0],[55.42394,-21.04468,913.0],[55.42389,-21.04464,913.0],[55.42387,-21.04464,913.0],[55.42386,-21.04471,913.0],[55.4239,-21.04477,913.0],[55.42388,-21.04478,913.0],[55.42381,-21.04478,913.0],[55.42377,-21.04485,929.0],[55.42374,-21.04484,929.0],[55.42373,-21.04481,929.0],[55.42375,-21.04476,927.0],[55.42337,-21.04455,930.0],[55.4233,-21.04445,923.0],[55.42324,-21.04441,923.0],[55.42321,-21.04436,923.0],[55.42318,-21.04435,933.0],[55.42301,-21.04444,933.0],[55.42295,-21.04442,939.0],[55.42282,-21.04437,933.0],[55.42263,-21.04419,934.0],[55.42261,-21.04427,934.0],[55.42254,-21.04422,934.0],[55.42252,-21.04429,934.0],[55.42245,-21.04442,946.0],[55.42239,-21.04435,948.0],[55.42227,-21.04441,948.0],[55.42214,-21.04434,944.0],[55.42202,-21.04429,937.0],[55.42189,-21.04438,942.0],[55.42178,-21.04433,942.0],[55.42174,-21.04423,932.0],[55.42174,-21.04416,939.0],[55.42159,-21.04405,936.0],[55.42143,-21.04413,936.0],[55.42137,-21.04405,936.0],[55.42137,-21.04401,936.0],[55.42142,-21.04395,921.0],[55.42143,-21.0439,930.0],[55.42135,-21.04383,921.0],[55.42129,-21.04372,925.0],[55.42124,-21.0437,925.0],[55.4211,-21.04373,925.0],[55.42099,-21.0436,918.0],[55.4208,-21.04335,915.0],[55.42045,-21.04297,912.0],[55.42025,-21.04277,899.0],[55.41976,-21.04242,895.0],[55.41959,-21.04217,895.0],[55.41952,-21.04198,889.0],[55.41946,-21.04192,894.0],[55.41943,-21.04171,881.0],[55.4194,-21.04162,893.0],[55.41947,-21.04159,881.0],[55.41948,-21.04156,881.0],[55.41947,-21.04151,881.0],[55.41933,-21.04139,877.0],[55.41926,-21.04128,877.0],[55.41927,-21.04115,876.0],[55.41911,-21.04115,867.0],[55.41907,-21.04108,875.0],[55.41907,-21.04103,875.0],[55.41908,-21.04102,875.0],[55.41913,-21.04093,867.0],[55.41911,-21.04089,859.0],[55.41907,-21.04086,862.0],[55.41903,-21.04086,862.0],[55.41894,-21.04092,875.0],[55.41885,-21.04088,862.0],[55.41874,-21.04086,877.0],[55.41877,-21.0408,877.0],[55.41875,-21.04071,877.0],[55.41868,-21.04065,877.0],[55.4186,-21.04061,877.0],[55.41866,-21.04049,871.0],[55.41858,-21.04036,860.0],[55.41866,-21.04028,860.0],[55.41852,-21.04016,860.0],[55.41841,-21.04007,870.0],[55.41837,-21.03993,870.0],[55.41829,-21.03981,870.0],[55.41814,-21.03959,878.0],[55.41813,-21.03935,879.0],[55.41805,-21.03947,879.0],[55.41788,-21.03951,881.0],[55.41775,-21.03952,875.0],[55.41736,-21.03936,872.0],[55.41728,-21.03936,872.0],[55.41725,-21.03934,872.0],[55.41724,-21.03931,872.0],[55.41717,-21.03922,855.0],[55.41698,-21.0391,850.0],[55.41689,-21.03909,853.0],[55.41684,-21.03908,853.0],[55.41678,-21.03905,853.0],[55.41676,-21.03898,845.0],[55.41671,-21.03895,838.0],[55.4166,-21.03882,842.0],[55.41627,-21.03866,843.0],[55.41589,-21.03851,844.0],[55.4156,-21.03859,845.0],[55.41543,-21.03853,847.0],[55.41533,-21.03851,831.0],[55.41521,-21.03843,847.0],[55.41523,-21.03837,823.0],[55.41513,-21.03838,818.0],[55.41482,-21.03835,813.0],[55.41448,-21.03838,820.0],[55.41412,-21.03841,811.0],[55.41362,-21.03835,802.0],[55.41356,-21.03833,802.0],[55.41351,-21.03832,802.0],[55.41343,-21.03827,797.0],[55.41341,-21.03828,797.0],[55.41334,-21.03834,797.0],[55.41323,-21.03836,797.0],[55.41314,-21.03842,806.0],[55.41309,-21.03833,788.0],[55.41315,-21.03821,788.0],[55.41306,-21.03812,788.0],[55.41296,-21.03814,778.0],[55.41288,-21.03819,778.0],[55.41281,-21.03825,778.0],[55.41269,-21.03819,768.0],[55.41256,-21.03827,768.0],[55.41238,-21.03825,754.0],[55.41228,-21.03829,754.0],[55.41222,-21.03827,754.0],[55.41228,-21.03818,754.0],[55.4122,-21.03813,754.0],[55.41212,-21.03813,754.0],[55.41201,-21.03819,739.0],[55.41195,-21.03818,739.0],[55.41199,-21.03813,739.0],[55.412,-21.03808,736.0],[55.41191,-21.03809,736.0],[55.41186,-21.03814,721.0],[55.41161,-21.03844,729.0],[55.41131,-21.03874,713.0],[55.41122,-21.03883,698.0],[55.41115,-21.0388,698.0],[55.41111,-21.03891,698.0],[55.41104,-21.03894,698.0],[55.41095,-21.03894,687.0],[55.41077,-21.03883,687.0],[55.41057,-21.03868,678.0],[55.41054,-21.03856,678.0],[55.41043,-21.0384,675.0],[55.41027,-21.03847,675.0],[55.40997,-21.03843,671.0],[55.40978,-21.03844,670.0],[55.40984,-21.03857,670.0],[55.4099,-21.03872,666.0],[55.41002,-21.03888,671.0],[55.41012,-21.03897,669.0],[55.41014,-21.03916,672.0],[55.41006,-21.03926,672.0],[55.41005,-21.03939,677.0],[55.41002,-21.03944,677.0],[55.40996,-21.03957,684.0],[55.40987,-21.03976,683.0],[55.40979,-21.03987,686.0],[55.40975,-21.04001,686.0],[55.40973,-21.04014,687.0],[55.40969,-21.04026,687.0],[55.40974,-21.04034,687.0],[55.40984,-21.04042,688.0],[55.40985,-21.04052,688.0],[55.40991,-21.04067,694.0],[55.40992,-21.04069,694.0],[55.40992,-21.04077,690.0],[55.40986,-21.0409,692.0],[55.40977,-21.04104,692.0],[55.40956,-21.04118,688.0],[55.40959,-21.04128,701.0],[55.40967,-21.04131,701.0],[55.40981,-21.0415,711.0],[55.41006,-21.04169,716.0],[55.41016,-21.04166,716.0],[55.41024,-21.04163,722.0],[55.41031,-21.0417,722.0],[55.41035,-21.04176,722.0],[55.41042,-21.04179,722.0],[55.41056,-21.04171,726.0],[55.41063,-21.0417,726.0],[55.41061,-21.04177,726.0],[55.41091,-21.04164,730.0],[55.41094,-21.04164,730.0],[55.41099,-21.04164,730.0],[55.41088,-21.04179,730.0],[55.41086,-21.0419,735.0],[55.41099,-21.04186,735.0],[55.41098,-21.04202,742.0],[55.4111,-21.04214,743.0],[55.41111,-21.0422,743.0],[55.41107,-21.04232,750.0],[55.41086,-21.04237,753.0],[55.41086,-21.04245,753.0],[55.41088,-21.04287,758.0],[55.41077,-21.04309,765.0],[55.41087,-21.0432,774.0],[55.4111,-21.04349,788.0],[55.41115,-21.04357,788.0],[55.41115,-21.04372,795.0],[55.41104,-21.04385,795.0],[55.41097,-21.04385,797.0],[55.41085,-21.04379,797.0],[55.4108,-21.04381,797.0],[55.41076,-21.04385,797.0],[55.4107,-21.04412,800.0],[55.41071,-21.04418,803.0],[55.41083,-21.04415,803.0],[55.41078,-21.04423,803.0],[55.41083,-21.04422,803.0],[55.41078,-21.04428,803.0],[55.41067,-21.04463,828.0],[55.41061,-21.0447,828.0],[55.4106,-21.04471,828.0],[55.41058,-21.0448,837.0],[55.41061,-21.0448,837.0],[55.41073,-21.04488,837.0],[55.41071,-21.04498,837.0],[55.41066,-21.04505,837.0],[55.41061,-21.0452,848.0],[55.41067,-21.04526,848.0],[55.41069,-21.04532,848.0],[55.41061,-21.04537,848.0],[55.41076,-21.04557,864.0],[55.41076,-21.04578,875.0],[55.4107,-21.04581,875.0],[55.41065,-21.0459,873.0],[55.41072,-21.04612,881.0],[55.41072,-21.04642,885.0],[55.41082,-21.04657,888.0],[55.41092,-21.04661,888.0],[55.41092,-21.04672,888.0],[55.41102,-21.04678,889.0],[55.41114,-21.04703,892.0],[55.41135,-21.04722,896.0],[55.41146,-21.04761,910.0],[55.4115,-21.0481,914.0],[55.41162,-21.04835,918.0],[55.41152,-21.04868,934.0],[55.41155,-21.04907,950.0],[55.41147,-21.04937,955.0],[55.41143,-21.04965,963.0],[55.41162,-21.05,967.0],[55.41152,-21.05011,980.0],[55.41142,-21.05022,980.0],[55.41132,-21.0502,980.0],[55.41115,-21.05032,985.0],[55.41108,-21.05033,985.0],[55.41097,-21.05035,989.0],[55.41107,-21.05047,987.0],[55.41092,-21.05044,988.0],[55.41102,-21.05054,987.0],[55.41089,-21.05055,988.0],[55.41097,-21.0506,988.0],[55.41084,-21.05058,985.0],[55.4109,-21.05064,984.0],[55.41081,-21.05063,984.0],[55.41087,-21.05069,984.0],[55.41074,-21.05068,984.0],[55.41085,-21.05089,984.0],[55.41087,-21.05107,955.0],[55.41094,-21.05111,955.0],[55.41089,-21.05119,955.0],[55.41095,-21.05122,929.0],[55.41086,-21.05126,955.0],[55.41093,-21.05131,929.0],[55.41087,-21.05135,929.0],[55.411,-21.05137,955.0],[55.41096,-21.05145,929.0],[55.411,-21.05155,916.0],[55.41074,-21.05161,916.0],[55.41073,-21.05151,916.0],[55.41063,-21.05143,923.0],[55.41046,-21.05151,888.0],[55.41038,-21.05143,918.0],[55.41021,-21.05154,888.0],[55.41024,-21.05164,888.0],[55.41013,-21.0516,886.0],[55.41018,-21.05168,886.0],[55.41019,-21.05181,841.0],[55.4101,-21.05175,886.0],[55.40998,-21.05175,886.0],[55.40992,-21.05188,841.0],[55.40982,-21.05188,824.0],[55.40988,-21.052,824.0],[55.40969,-21.05195,824.0],[55.40939,-21.05212,797.0],[55.40943,-21.0522,798.0],[55.40951,-21.05223,798.0],[55.40945,-21.05232,791.0],[55.40958,-21.05239,773.0],[55.40967,-21.05234,786.0],[55.40972,-21.05239,786.0],[55.40965,-21.05243,786.0],[55.40965,-21.05256,786.0],[55.40973,-21.05269,774.0],[55.40966,-21.05276,774.0],[55.40958,-21.05291,760.0],[55.4097,-21.05293,746.0],[55.40961,-21.05309,746.0],[55.40967,-21.05313,725.0],[55.40958,-21.05321,722.0],[55.40964,-21.05336,725.0],[55.40944,-21.05336,722.0],[55.40944,-21.05345,704.0],[55.40927,-21.05345,698.0],[55.40944,-21.05355,704.0],[55.4093,-21.05358,698.0],[55.40934,-21.05365,698.0],[55.40924,-21.05375,682.0],[55.40936,-21.05374,682.0],[55.4094,-21.0538,689.0],[55.40932,-21.05386,682.0],[55.40937,-21.05392,682.0],[55.40943,-21.05399,689.0],[55.4095,-21.05406,681.0],[55.40945,-21.05414,676.0],[55.40968,-21.05416,680.0],[55.40977,-21.05437,668.0],[55.40985,-21.05447,668.0],[55.4097,-21.05451,658.0],[55.40967,-21.05461,658.0],[55.40984,-21.05467,658.0],[55.40995,-21.05465,670.0],[55.41005,-21.05484,658.0],[55.41016,-21.05493,658.0],[55.4099,-21.05511,657.0],[55.41,-21.05519,650.0],[55.41005,-21.05529,650.0],[55.41024,-21.05537,657.0],[55.4101,-21.05556,640.0],[55.41003,-21.05577,633.0],[55.40995,-21.056,632.0],[55.40992,-21.05652,630.0],[55.40952,-21.05641,616.0],[55.40892,-21.05623,614.0],[55.40867,-21.05621,603.0],[55.40829,-21.05607,613.0],[55.40812,-21.05628,605.0],[55.4077,-21.0562,607.0],[55.40745,-21.05606,603.0],[55.40728,-21.05609,599.0],[55.40711,-21.05611,599.0],[55.40691,-21.05636,582.0],[55.40688,-21.05648,577.0],[55.40705,-21.05652,569.0],[55.40705,-21.05667,569.0],[55.40691,-21.05663,569.0],[55.40682,-21.05665,567.0],[55.40651,-21.05673,566.0],[55.40639,-21.05692,561.0],[55.40664,-21.05696,563.0],[55.40675,-21.05697,560.0],[55.40678,-21.05705,565.0],[55.40644,-21.05699,564.0],[55.40636,-21.05705,566.0],[55.40642,-21.05712,566.0],[55.40632,-21.05722,566.0],[55.40604,-21.0572,571.0],[55.40575,-21.05717,579.0],[55.40561,-21.05685,586.0],[55.40544,-21.05683,600.0],[55.40529,-21.05671,582.0],[55.40532,-21.05652,587.0],[55.40521,-21.05645,581.0],[55.40519,-21.05625,600.0],[55.40545,-21.05591,591.0],[55.40533,-21.05582,586.0],[55.40513,-21.056,595.0],[55.40499,-21.05612,602.0],[55.40501,-21.05622,600.0],[55.40492,-21.05619,602.0],[55.4049,-21.0563,600.0],[55.40477,-21.05631,619.0],[55.40473,-21.05642,643.0],[55.40461,-21.0565,639.0],[55.40445,-21.05661,670.0],[55.40445,-21.05673,670.0],[55.4043,-21.0567,690.0],[55.40442,-21.05685,683.0],[55.40414,-21.05681,686.0],[55.40406,-21.0567,701.0],[55.40415,-21.05658,690.0],[55.4041,-21.05648,688.0],[55.4041,-21.05637,696.0],[55.40402,-21.05646,696.0],[55.40399,-21.05637,696.0],[55.40393,-21.05634,696.0],[55.40386,-21.05624,696.0],[55.40381,-21.05636,696.0],[55.40375,-21.0562,693.0],[55.40367,-21.05618,691.0],[55.40362,-21.05623,693.0],[55.40356,-21.05619,691.0],[55.40352,-21.05623,693.0],[55.40345,-21.05623,680.0],[55.40338,-21.05619,685.0],[55.40333,-21.05624,680.0],[55.40321,-21.0563,680.0],[55.40312,-21.0565,672.0],[55.40299,-21.0567,674.0],[55.40284,-21.05693,669.0],[55.40256,-21.05688,671.0],[55.40247,-21.05708,673.0],[55.40239,-21.05727,673.0],[55.40227,-21.05736,682.0],[55.40226,-21.05753,682.0],[55.4022,-21.05761,697.0],[55.4023,-21.05782,697.0],[55.4024,-21.058,708.0],[55.40257,-21.05815,704.0],[55.40267,-21.05816,714.0],[55.40285,-21.0583,711.0],[55.4031,-21.05833,722.0],[55.40321,-21.05827,730.0],[55.40334,-21.0582,730.0],[55.40344,-21.05832,730.0],[55.40338,-21.05838,730.0],[55.40338,-21.05858,732.0],[55.4035,-21.05865,732.0],[55.40344,-21.05872,739.0],[55.40344,-21.05879,739.0],[55.40337,-21.05879,739.0],[55.4033,-21.05888,739.0],[55.40342,-21.05901,746.0],[55.40346,-21.05916,746.0],[55.40343,-21.05923,746.0],[55.40347,-21.05931,761.0],[55.40351,-21.05925,747.0],[55.40357,-21.05943,757.0],[55.40366,-21.05951,764.0],[55.40369,-21.05965,783.0],[55.40385,-21.05949,768.0],[55.40396,-21.05963,784.0],[55.404,-21.0595,768.0],[55.40411,-21.05967,789.0],[55.40412,-21.05988,800.0],[55.4041,-21.06008,791.0],[55.40417,-21.06017,818.0],[55.40429,-21.06008,800.0],[55.4043,-21.06019,818.0],[55.40425,-21.06029,818.0],[55.40438,-21.0602,818.0],[55.40435,-21.06035,818.0],[55.40445,-21.06031,842.0],[55.40451,-21.06049,853.0],[55.40457,-21.06068,857.0],[55.4046,-21.06092,883.0],[55.40452,-21.06112,860.0],[55.4044,-21.06121,864.0],[55.40429,-21.06137,861.0],[55.40418,-21.06145,864.0],[55.40433,-21.06158,863.0],[55.40435,-21.06143,864.0],[55.40447,-21.06143,876.0],[55.40455,-21.06155,877.0],[55.4045,-21.06173,877.0],[55.4046,-21.06178,900.0],[55.40472,-21.06167,885.0],[55.40474,-21.06174,900.0],[55.40482,-21.06173,900.0],[55.40487,-21.06184,894.0],[55.40496,-21.06189,906.0],[55.40502,-21.06182,906.0],[55.40512,-21.06178,897.0],[55.40513,-21.06189,906.0],[55.40519,-21.06205,901.0],[55.40533,-21.06213,918.0],[55.40535,-21.06232,918.0],[55.40543,-21.06219,918.0],[55.40536,-21.06203,918.0],[55.40531,-21.06199,918.0],[55.40536,-21.06197,918.0],[55.40535,-21.06187,918.0],[55.40545,-21.06189,918.0],[55.40548,-21.06201,918.0],[55.4056,-21.06204,928.0],[55.40574,-21.06199,927.0],[55.40577,-21.06207,932.0],[55.40572,-21.06221,932.0],[55.40563,-21.06232,929.0],[55.40569,-21.06237,935.0],[55.4058,-21.06226,932.0],[55.40596,-21.06219,932.0],[55.406,-21.06209,939.0],[55.40607,-21.0622,939.0],[55.40597,-21.06239,945.0],[55.40594,-21.06269,958.0],[55.40609,-21.06299,978.0],[55.40611,-21.06332,981.0],[55.40619,-21.06347,984.0],[55.40634,-21.06341,1009.0],[55.40631,-21.06355,1009.0],[55.40639,-21.0636,1009.0],[55.40644,-21.06355,1009.0],[55.40656,-21.06355,1009.0],[55.40652,-21.06347,1009.0],[55.40662,-21.0634,1015.0],[55.40667,-21.06315,1026.0],[55.40671,-21.063,1022.0],[55.40696,-21.06299,1033.0],[55.40706,-21.06292,1033.0],[55.40727,-21.06296,1041.0],[55.40737,-21.06289,1034.0],[55.40748,-21.06293,1048.0],[55.40762,-21.06309,1048.0],[55.40781,-21.0633,1063.0],[55.40803,-21.06336,1065.0],[55.40819,-21.06346,1069.0],[55.40869,-21.06353,1075.0],[55.40917,-21.06338,1082.0],[55.40944,-21.06332,1089.0],[55.40965,-21.06312,1089.0],[55.40967,-21.06318,1089.0],[55.40976,-21.06319,1089.0],[55.40968,-21.06331,1089.0],[55.4098,-21.06336,1089.0],[55.40969,-21.06347,1094.0],[55.40979,-21.06353,1102.0],[55.4095,-21.0637,1099.0],[55.40962,-21.06378,1116.0],[55.40939,-21.06391,1110.0],[55.40966,-21.06398,1116.0],[55.40968,-21.06407,1133.0],[55.40957,-21.06425,1130.0],[55.40946,-21.06417,1130.0],[55.40928,-21.06442,1139.0],[55.4092,-21.06463,1157.0],[55.40927,-21.06501,1168.0],[55.40919,-21.06533,1168.0],[55.40925,-21.06572,1169.0],[55.40918,-21.06581,1169.0],[55.40935,-21.0663,1169.0],[55.40932,-21.06637,1169.0],[55.40933,-21.06647,1169.0],[55.40924,-21.06652,1168.0],[55.4092,-21.06659,1168.0],[55.40901,-21.06696,1155.0],[55.40907,-21.067,1155.0],[55.409,-21.06711,1155.0],[55.40892,-21.06716,1155.0],[55.40882,-21.06742,1154.0],[55.40874,-21.06767,1151.0],[55.40864,-21.06783,1151.0],[55.40826,-21.06799,1151.0],[55.40793,-21.06791,1155.0],[55.4078,-21.06805,1145.0],[55.40774,-21.06834,1159.0],[55.40724,-21.06868,1159.0],[55.40697,-21.06902,1167.0],[55.40676,-21.06938,1165.0],[55.4062,-21.06969,1168.0],[55.40605,-21.06984,1172.0],[55.40601,-21.06997,1172.0],[55.40573,-21.07013,1176.0],[55.40553,-21.07048,1179.0],[55.4052,-21.07067,1181.0],[55.40515,-21.07084,1178.0],[55.40509,-21.0709,1181.0],[55.40505,-21.07103,1183.0],[55.40485,-21.07107,1182.0],[55.4047,-21.07112,1182.0],[55.40458,-21.07129,1188.0],[55.40445,-21.07133,1188.0],[55.4044,-21.07146,1188.0],[55.40425,-21.07152,1196.0],[55.40409,-21.07147,1188.0],[55.40391,-21.07161,1201.0],[55.40374,-21.0716,1206.0],[55.40369,-21.07176,1206.0],[55.40354,-21.07188,1217.0],[55.40316,-21.07206,1231.0],[55.40291,-21.07214,1229.0],[55.4026,-21.07212,1231.0],[55.40252,-21.07205,1231.0],[55.40229,-21.07211,1238.0],[55.40218,-21.07224,1238.0],[55.40202,-21.07234,1243.0],[55.4018,-21.07223,1248.0],[55.40165,-21.07222,1243.0],[55.40154,-21.07231,1251.0],[55.40128,-21.07247,1243.0],[55.40122,-21.07266,1243.0],[55.40122,-21.0729,1243.0],[55.40133,-21.07301,1246.0],[55.40124,-21.07312,1248.0],[55.40117,-21.07337,1248.0],[55.40124,-21.07352,1254.0],[55.40118,-21.07373,1258.0],[55.40079,-21.07375,1257.0],[55.40055,-21.07393,1256.0],[55.40038,-21.07369,1256.0],[55.4,-21.07372,1257.0],[55.39983,-21.07384,1258.0],[55.39981,-21.07381,1258.0],[55.3998,-21.07381,1258.0],[55.3998,-21.07381,1258.0],[55.39979,-21.07379,1256.0],[55.39979,-21.07379,1258.0],[55.39983,-21.07366,1256.0],[55.39981,-21.07365,1256.0],[55.39981,-21.07359,1256.0],[55.39984,-21.07355,1256.0],[55.3998,-21.07348,1256.0],[55.39984,-21.07342,1256.0],[55.39987,-21.07324,1253.0],[55.39988,-21.07324,1253.0],[55.40005,-21.07284,1240.0],[55.40009,-21.07261,1240.0],[55.4002,-21.07239,1235.0],[55.40014,-21.07232,1235.0],[55.40014,-21.07219,1230.0],[55.40008,-21.07209,1230.0],[55.40007,-21.07208,1230.0],[55.40007,-21.07208,1230.0],[55.40004,-21.07193,1221.0],[55.39998,-21.07185,1221.0],[55.39966,-21.07166,1224.0],[55.39951,-21.07169,1221.0],[55.3994,-21.0716,1212.0],[55.39937,-21.07156,1227.0],[55.39944,-21.07149,1200.0],[55.39956,-21.07144,1200.0],[55.39972,-21.07144,1192.0],[55.39978,-21.0714,1192.0],[55.40003,-21.07131,1182.0],[55.40007,-21.07123,1182.0],[55.39999,-21.07114,1160.0],[55.40001,-21.07112,1160.0],[55.40012,-21.07112,1160.0],[55.40022,-21.07114,1155.0],[55.40026,-21.07114,1155.0],[55.40019,-21.07093,1160.0],[55.4001,-21.07082,1140.0],[55.39996,-21.0708,1140.0],[55.39993,-21.07078,1140.0],[55.39997,-21.07074,1140.0],[55.40006,-21.07074,1140.0],[55.40011,-21.07072,1140.0],[55.40009,-21.07068,1140.0],[55.40001,-21.07063,1140.0],[55.4,-21.07058,1124.0],[55.40008,-21.07056,1124.0],[55.4,-21.07046,1124.0],[55.39995,-21.07035,1117.0],[55.40007,-21.07034,1117.0],[55.40005,-21.07028,1122.0],[55.40017,-21.07025,1117.0],[55.40031,-21.07026,1121.0],[55.40039,-21.07023,1121.0],[55.40037,-21.0702,1121.0],[55.40026,-21.07013,1121.0],[55.40026,-21.07006,1115.0],[55.4003,-21.06998,1115.0],[55.40041,-21.06981,1115.0],[55.40033,-21.06961,1112.0],[55.4002,-21.06952,1110.0],[55.40004,-21.06952,1110.0],[55.39998,-21.06949,1104.0],[55.39984,-21.06923,1098.0],[55.39969,-21.06896,1097.0],[55.39964,-21.06892,1097.0],[55.39938,-21.06887,1097.0],[55.39936,-21.06887,1094.0],[55.39915,-21.06887,1094.0],[55.39902,-21.06884,1095.0],[55.39899,-21.06881,1098.0],[55.39903,-21.06869,1093.0],[55.39909,-21.06863,1093.0],[55.39906,-21.06858,1093.0],[55.399,-21.06854,1093.0],[55.39897,-21.0685,1093.0],[55.39897,-21.06845,1093.0],[55.39898,-21.06835,1093.0],[55.39909,-21.06806,1095.0],[55.39909,-21.06804,1095.0],[55.39908,-21.06801,1095.0],[55.39907,-21.06798,1095.0],[55.39903,-21.06791,1095.0],[55.399,-21.06789,1095.0],[55.39881,-21.06777,1095.0],[55.39861,-21.06756,1101.0],[55.39859,-21.06735,1101.0],[55.39834,-21.06724,1108.0],[55.39822,-21.0671,1108.0],[55.39806,-21.06703,1113.0],[55.39806,-21.06703,1113.0],[55.39801,-21.06695,1119.0],[55.398,-21.06685,1126.0],[55.39793,-21.06676,1133.0],[55.39786,-21.06676,1133.0],[55.39786,-21.06671,1133.0],[55.39779,-21.06664,1133.0],[55.39771,-21.06664,1133.0],[55.39768,-21.06655,1143.0],[55.39763,-21.06655,1143.0],[55.39753,-21.06647,1155.0],[55.39744,-21.06633,1155.0],[55.39753,-21.06621,1155.0],[55.39756,-21.06606,1162.0],[55.39772,-21.06593,1155.0],[55.39764,-21.06573,1170.0],[55.39756,-21.06566,1170.0],[55.39754,-21.06558,1173.0],[55.39759,-21.06548,1173.0],[55.39776,-21.06517,1172.0],[55.39792,-21.06493,1175.0],[55.3979,-21.06475,1182.0],[55.39792,-21.06464,1182.0],[55.39793,-21.06459,1182.0],[55.39792,-21.06448,1186.0],[55.39794,-21.06441,1186.0],[55.39791,-21.06416,1191.0],[55.39791,-21.06392,1196.0],[55.39798,-21.06384,1196.0],[55.39805,-21.06363,1198.0],[55.39806,-21.06337,1211.0],[55.39815,-21.06307,1212.0],[55.39824,-21.06301,1211.0],[55.39819,-21.06287,1214.0],[55.39818,-21.06264,1214.0],[55.39813,-21.06258,1207.0],[55.39811,-21.06255,1207.0],[55.39798,-21.06243,1216.0],[55.39786,-21.06236,1216.0],[55.39777,-21.06238,1216.0],[55.39769,-21.06234,1217.0],[55.39762,-21.0622,1220.0],[55.39758,-21.06197,1214.0],[55.39755,-21.06173,1218.0],[55.39751,-21.06166,1211.0],[55.39744,-21.0617,1211.0],[55.39739,-21.06164,1222.0],[55.39724,-21.06158,1222.0],[55.39718,-21.06165,1222.0],[55.39697,-21.06155,1232.0],[55.39689,-21.06154,1242.0],[55.39673,-21.06135,1237.0],[55.3967,-21.06121,1237.0],[55.39662,-21.06124,1237.0],[55.39659,-21.06119,1247.0],[55.39653,-21.06121,1251.0],[55.39634,-21.06118,1247.0],[55.39607,-21.061,1259.0],[55.39594,-21.06094,1270.0],[55.39577,-21.06084,1261.0],[55.39571,-21.06071,1266.0],[55.39567,-21.06067,1270.0],[55.39557,-21.06057,1264.0],[55.3955,-21.06031,1262.0],[55.39555,-21.06009,1243.0],[55.39548,-21.05995,1260.0],[55.3955,-21.05973,1250.0],[55.39544,-21.05951,1250.0],[55.39537,-21.05927,1237.0],[55.39532,-21.05895,1231.0],[55.39524,-21.05875,1231.0],[55.39522,-21.0587,1231.0],[55.39517,-21.05854,1247.0],[55.39517,-21.05829,1243.0],[55.39513,-21.05817,1243.0],[55.39512,-21.05806,1252.0],[55.3951,-21.05803,1252.0],[55.39504,-21.05803,1252.0],[55.39498,-21.05807,1252.0],[55.39487,-21.0582,1262.0],[55.3947,-21.0583,1262.0],[55.39461,-21.05831,1262.0],[55.39453,-21.05839,1268.0],[55.39428,-21.05853,1286.0],[55.39424,-21.05864,1286.0],[55.39417,-21.05867,1286.0],[55.39415,-21.05863,1286.0],[55.39411,-21.05861,1286.0],[55.39411,-21.05861,1286.0],[55.3941,-21.05867,1292.0],[55.39408,-21.05864,1292.0],[55.39405,-21.05872,1308.0],[55.39399,-21.05859,1292.0],[55.39395,-21.05874,1308.0],[55.39383,-21.05865,1292.0],[55.39378,-21.05863,1296.0],[55.39377,-21.05867,1296.0],[55.39377,-21.05882,1308.0],[55.39361,-21.05889,1308.0],[55.39349,-21.05904,1323.0],[55.39347,-21.05911,1323.0],[55.39352,-21.05911,1317.0],[55.39342,-21.05924,1323.0],[55.39346,-21.05929,1323.0],[55.39336,-21.05935,1332.0],[55.39343,-21.05939,1332.0],[55.3933,-21.05951,1336.0],[55.39335,-21.05954,1336.0],[55.39325,-21.05967,1336.0],[55.39317,-21.05984,1358.0],[55.39303,-21.05992,1358.0],[55.39291,-21.05992,1364.0],[55.39283,-21.05996,1364.0],[55.39282,-21.05999,1364.0],[55.3929,-21.06004,1364.0],[55.39284,-21.06006,1364.0],[55.39287,-21.06012,1376.0],[55.39286,-21.06015,1376.0],[55.39277,-21.06015,1376.0],[55.39275,-21.06017,1376.0],[55.3927,-21.06019,1381.0],[55.39273,-21.06024,1376.0],[55.39278,-21.06027,1376.0],[55.39274,-21.06031,1376.0],[55.39267,-21.06032,1381.0],[55.39267,-21.06035,1381.0],[55.39271,-21.06038,1376.0],[55.39271,-21.06042,1385.0],[55.39265,-21.06041,1392.0],[55.39264,-21.06044,1392.0],[55.39268,-21.06047,1392.0],[55.39266,-21.06051,1392.0],[55.39259,-21.06052,1392.0],[55.39257,-21.06057,1392.0],[55.3926,-21.06061,1401.0],[55.39259,-21.06072,1401.0],[55.39255,-21.06072,1401.0],[55.39251,-21.0607,1401.0],[55.39246,-21.06078,1401.0],[55.39241,-21.06079,1401.0],[55.39228,-21.06074,1414.0],[55.3922,-21.06069,1414.0],[55.39218,-21.06069,1414.0],[55.39217,-21.06069,1414.0],[55.39216,-21.06071,1414.0],[55.39219,-21.06075,1414.0],[55.39215,-21.06076,1414.0],[55.39215,-21.06078,1414.0],[55.39219,-21.06085,1414.0],[55.39216,-21.06087,1414.0],[55.39212,-21.06086,1414.0],[55.39212,-21.06087,1414.0],[55.39223,-21.06103,1430.0],[55.39223,-21.06108,1430.0],[55.39212,-21.06111,1430.0],[55.39213,-21.06113,1430.0],[55.39219,-21.06115,1430.0],[55.39211,-21.06119,1430.0],[55.39207,-21.06119,1431.0],[55.39209,-21.06123,1437.0],[55.39202,-21.06125,1437.0],[55.39203,-21.06127,1437.0],[55.39207,-21.06133,1437.0],[55.39205,-21.06135,1437.0],[55.392,-21.06134,1437.0],[55.39196,-21.06135,1437.0],[55.3919,-21.0614,1444.0],[55.39194,-21.06145,1437.0],[55.39194,-21.06148,1437.0],[55.39185,-21.06153,1444.0],[55.39184,-21.06156,1444.0],[55.39187,-21.06158,1444.0],[55.39191,-21.06159,1442.0],[55.39186,-21.06174,1444.0],[55.39189,-21.06187,1452.0],[55.39186,-21.06188,1452.0],[55.39187,-21.06227,1472.0],[55.39182,-21.06238,1489.0],[55.39183,-21.06251,1489.0],[55.39189,-21.06259,1489.0],[55.39206,-21.0627,1514.0],[55.39207,-21.06278,1514.0],[55.39195,-21.06286,1514.0],[55.39189,-21.06291,1516.0],[55.39188,-21.06311,1533.0],[55.39194,-21.06316,1544.0],[55.39192,-21.06321,1544.0],[55.39184,-21.06329,1533.0],[55.39172,-21.06343,1559.0],[55.39174,-21.0635,1559.0],[55.39176,-21.06359,1559.0],[55.39162,-21.0636,1559.0],[55.3917,-21.06368,1559.0],[55.39161,-21.06377,1595.0],[55.39173,-21.06374,1575.0],[55.39199,-21.06367,1574.0],[55.39215,-21.06355,1592.0],[55.39211,-21.06367,1592.0],[55.39212,-21.06383,1592.0],[55.39225,-21.06368,1592.0],[55.39231,-21.06365,1592.0],[55.39232,-21.06369,1592.0],[55.3924,-21.06364,1592.0],[55.39249,-21.0637,1592.0],[55.39249,-21.0637,1592.0],[55.39236,-21.0638,1592.0],[55.39241,-21.06383,1592.0],[55.39249,-21.06379,1592.0],[55.3926,-21.06387,1592.0],[55.39258,-21.06395,1592.0],[55.39259,-21.06397,1592.0],[55.39266,-21.06395,1592.0],[55.39268,-21.06398,1592.0],[55.39256,-21.06407,1608.0],[55.39257,-21.06409,1608.0],[55.39263,-21.0641,1608.0],[55.39244,-21.06435,1609.0],[55.39245,-21.06436,1609.0],[55.39256,-21.06435,1609.0],[55.39258,-21.06436,1609.0],[55.39252,-21.06439,1609.0],[55.39246,-21.06444,1609.0],[55.39254,-21.06446,1609.0],[55.39234,-21.06467,1620.0],[55.39224,-21.06469,1620.0],[55.39212,-21.06486,1630.0],[55.39205,-21.0649,1700.0],[55.39193,-21.06493,1700.0],[55.39182,-21.06494,1709.0],[55.39176,-21.06492,1709.0],[55.39164,-21.06496,1709.0],[55.39159,-21.06502,1709.0],[55.39175,-21.06503,1709.0],[55.39164,-21.06506,1709.0],[55.39159,-21.0651,1728.0],[55.39168,-21.06509,1709.0],[55.39172,-21.06511,1712.0],[55.39161,-21.06516,1712.0],[55.39162,-21.06517,1712.0],[55.39175,-21.06516,1712.0],[55.39176,-21.06519,1712.0],[55.39173,-21.06522,1712.0],[55.39165,-21.06525,1712.0],[55.39167,-21.06527,1712.0],[55.39175,-21.06525,1712.0],[55.39176,-21.06527,1712.0],[55.39167,-21.06536,1712.0],[55.39153,-21.06532,1728.0],[55.3914,-21.06529,1728.0],[55.39118,-21.06535,1736.0],[55.39101,-21.06536,1736.0],[55.39109,-21.06543,1753.0],[55.39105,-21.06545,1753.0],[55.39093,-21.06544,1756.0],[55.39097,-21.06548,1756.0],[55.391,-21.06554,1756.0],[55.39103,-21.06558,1753.0],[55.39112,-21.06565,1749.0],[55.39124,-21.06561,1762.0],[55.39131,-21.06561,1756.0],[55.39142,-21.06556,1742.0],[55.39153,-21.06566,1756.0],[55.3915,-21.0657,1756.0],[55.39162,-21.06575,1752.0],[55.39161,-21.06575,1719.0],[55.39154,-21.06576,1756.0],[55.39144,-21.06578,1756.0],[55.39126,-21.06578,1762.0],[55.3912,-21.0658,1762.0],[55.39114,-21.06585,1762.0],[55.39116,-21.06587,1762.0],[55.39122,-21.06587,1762.0],[55.39122,-21.06589,1762.0],[55.39114,-21.06594,1776.0],[55.391,-21.06593,1795.0],[55.39094,-21.06594,1795.0],[55.39089,-21.06592,1795.0],[55.39082,-21.06594,1795.0],[55.39068,-21.06586,1791.0],[55.39068,-21.06594,1812.0],[55.39071,-21.06597,1795.0],[55.39072,-21.066,1795.0],[55.39064,-21.06601,1812.0],[55.3906,-21.06606,1812.0],[55.39046,-21.06615,1818.0],[55.39032,-21.06618,1818.0],[55.39039,-21.06622,1859.0],[55.39037,-21.06625,1859.0],[55.39031,-21.06625,1817.0],[55.39012,-21.06617,1817.0],[55.39012,-21.06617,1817.0],[55.38997,-21.06619,1817.0],[55.3899,-21.06625,1869.0],[55.38984,-21.06629,1869.0],[55.38958,-21.0663,1883.0],[55.38959,-21.06634,1883.0],[55.3894,-21.06634,1915.0],[55.38949,-21.06641,1883.0],[55.38948,-21.06643,1883.0],[55.38934,-21.06643,1915.0],[55.38911,-21.06633,1915.0],[55.38887,-21.06623,1919.0],[55.38883,-21.06623,1926.0],[55.38854,-21.06625,1913.0],[55.38848,-21.06627,1908.0],[55.38848,-21.06627,1908.0],[55.38842,-21.06631,1908.0],[55.38834,-21.06634,1908.0],[55.38831,-21.06636,1908.0],[55.3884,-21.06637,1919.0],[55.38841,-21.0664,1908.0],[55.38832,-21.06643,1908.0],[55.38829,-21.06647,1908.0],[55.38819,-21.06651,1926.0],[55.38809,-21.06652,1926.0],[55.38805,-21.06657,1926.0],[55.38794,-21.06655,1924.0],[55.38781,-21.0666,1934.0],[55.38774,-21.06657,1934.0],[55.38774,-21.06655,1934.0],[55.38765,-21.06647,1927.0],[55.38759,-21.06646,1922.0],[55.3875,-21.06647,1922.0],[55.38747,-21.06642,1922.0],[55.38737,-21.06644,1931.0],[55.38733,-21.06641,1931.0],[55.38727,-21.06642,1931.0],[55.38721,-21.06636,1931.0],[55.3872,-21.06632,1931.0],[55.38712,-21.06629,1931.0],[55.38704,-21.06631,1945.0],[55.38692,-21.0662,1945.0],[55.38682,-21.066,1931.0],[55.38667,-21.066,1945.0],[55.38661,-21.06597,1945.0],[55.38652,-21.06586,1932.0],[55.38646,-21.06579,1932.0],[55.38638,-21.06571,1932.0],[55.38632,-21.06568,1932.0],[55.38623,-21.06566,1988.0],[55.38619,-21.06562,1988.0],[55.38615,-21.06556,1936.0],[55.3862,-21.06539,1957.0],[55.3862,-21.06536,1885.0],[55.38618,-21.06535,1885.0],[55.38594,-21.06541,1954.0],[55.38582,-21.06534,1931.0],[55.38576,-21.06532,1931.0],[55.38569,-21.06524,1951.0],[55.38569,-21.06516,1951.0],[55.38565,-21.06506,1937.0],[55.38562,-21.06482,1937.0],[55.38563,-21.06475,1922.0],[55.38573,-21.06469,1893.0],[55.38574,-21.06463,1893.0],[55.38566,-21.06457,1944.0],[55.38556,-21.06444,1927.0],[55.38532,-21.0643,1931.0],[55.38531,-21.06429,1923.0],[55.3852,-21.06416,1958.0],[55.38517,-21.06396,1944.0],[55.38512,-21.06403,1958.0],[55.38503,-21.06395,1918.0],[55.385,-21.06401,1958.0],[55.3848,-21.06401,1987.0],[55.38474,-21.06404,1987.0],[55.38467,-21.06405,1987.0],[55.3845,-21.06404,2019.0],[55.38436,-21.064,2006.0],[55.3843,-21.06396,2002.0],[55.38421,-21.06395,2002.0],[55.38415,-21.06393,2002.0],[55.38408,-21.06387,2014.0],[55.38373,-21.06361,2023.0],[55.38361,-21.06358,2023.0],[55.38362,-21.06361,2023.0],[55.3837,-21.06366,2023.0],[55.38365,-21.06368,2023.0],[55.38358,-21.06366,2023.0],[55.38355,-21.06362,2023.0],[55.38353,-21.06353,2023.0],[55.38343,-21.06349,2016.0],[55.38332,-21.06343,2016.0],[55.38325,-21.06344,2016.0],[55.38341,-21.06356,2016.0],[55.38339,-21.06359,2016.0],[55.38333,-21.06355,2016.0],[55.38324,-21.06352,2016.0],[55.3832,-21.06354,2014.0],[55.38315,-21.06355,2014.0],[55.3831,-21.06351,2014.0],[55.38296,-21.06338,2006.0],[55.38287,-21.06322,2006.0],[55.38279,-21.06321,2006.0],[55.38271,-21.063,2007.0],[55.38269,-21.06288,2008.0],[55.38261,-21.06274,2001.0],[55.38259,-21.06249,1995.0],[55.38261,-21.06235,1999.0],[55.38244,-21.0623,1995.0],[55.38229,-21.06216,1997.0],[55.38221,-21.06201,1997.0],[55.38234,-21.06181,1990.0],[55.38227,-21.06141,1990.0],[55.38214,-21.06118,1989.0],[55.38209,-21.06097,2000.0],[55.38216,-21.0609,1993.0],[55.3821,-21.06069,2003.0],[55.38203,-21.06052,1985.0],[55.38208,-21.06027,1990.0],[55.38195,-21.06007,1967.0],[55.38195,-21.06007,1967.0],[55.38184,-21.0598,1990.0],[55.38166,-21.05941,1990.0],[55.38163,-21.05908,1989.0],[55.38154,-21.05885,1999.0],[55.38164,-21.05869,1987.0],[55.3817,-21.05841,1987.0],[55.38166,-21.05794,1990.0],[55.38168,-21.05786,2004.0],[55.38168,-21.05786,2004.0],[55.38196,-21.05739,2006.0],[55.38208,-21.05726,2010.0],[55.3821,-21.0572,2010.0],[55.38201,-21.05708,2010.0],[55.38197,-21.05699,2009.0],[55.38197,-21.05689,2009.0],[55.38195,-21.05678,2010.0],[55.38206,-21.0566,2010.0],[55.38209,-21.05653,2010.0],[55.38186,-21.05631,2008.0],[55.38176,-21.05629,2008.0],[55.38168,-21.05609,2005.0],[55.38168,-21.0561,2005.0],[55.38153,-21.05606,1998.0],[55.38147,-21.05596,1998.0],[55.38147,-21.05583,1994.0],[55.3816,-21.05563,1994.0],[55.38169,-21.05538,1976.0],[55.38165,-21.05522,1976.0],[55.38168,-21.05513,1976.0],[55.38156,-21.05479,1963.0],[55.38166,-21.05466,1945.0],[55.38159,-21.05435,1961.0],[55.38153,-21.0542,1960.0],[55.38145,-21.05404,1960.0],[55.38144,-21.05392,1957.0],[55.38146,-21.0538,1957.0],[55.38145,-21.0536,1944.0],[55.38145,-21.05338,1948.0],[55.38149,-21.05307,1940.0],[55.38132,-21.05285,1939.0],[55.38122,-21.05265,1956.0],[55.38116,-21.05255,1939.0],[55.38117,-21.05231,1939.0],[55.38114,-21.05222,1924.0],[55.38109,-21.05196,1916.0],[55.38105,-21.05184,1916.0],[55.38109,-21.05173,1907.0],[55.3811,-21.05158,1921.0],[55.38109,-21.05152,1907.0],[55.38102,-21.05146,1899.0],[55.3808,-21.05114,1913.0],[55.38089,-21.05112,1926.0],[55.38109,-21.05097,1915.0],[55.38111,-21.05087,1917.0],[55.38111,-21.05067,1917.0],[55.38105,-21.05053,1932.0],[55.38106,-21.05044,1932.0],[55.38105,-21.05022,1905.0],[55.38095,-21.05011,1930.0],[55.38093,-21.04968,1893.0],[55.38082,-21.04961,1893.0],[55.3808,-21.04944,1908.0],[55.38065,-21.04933,1903.0],[55.3805,-21.04932,1907.0],[55.38033,-21.04924,1907.0],[55.38024,-21.04914,1907.0],[55.38,-21.04902,1910.0],[55.3799,-21.04893,1913.0],[55.37966,-21.04884,1902.0],[55.3795,-21.04874,1914.0],[55.37935,-21.04854,1895.0],[55.37912,-21.04832,1892.0],[55.37896,-21.04825,1885.0],[55.37872,-21.04816,1881.0],[55.37846,-21.04789,1875.0],[55.37838,-21.04784,1875.0],[55.37828,-21.04774,1875.0],[55.37825,-21.04767,1875.0],[55.37826,-21.04755,1874.0],[55.3782,-21.04737,1864.0],[55.37801,-21.04723,1858.0],[55.37794,-21.04708,1851.0],[55.37777,-21.04686,1850.0],[55.3777,-21.04672,1849.0],[55.37759,-21.04665,1849.0],[55.37722,-21.04632,1845.0],[55.37717,-21.04618,1836.0],[55.37715,-21.04602,1836.0],[55.377,-21.04593,1839.0],[55.37688,-21.04582,1829.0],[55.37688,-21.04574,1829.0],[55.37686,-21.04554,1820.0],[55.37685,-21.04531,1818.0],[55.37693,-21.04512,1808.0],[55.37702,-21.04492,1807.0],[55.37693,-21.04461,1798.0],[55.37687,-21.04443,1796.0],[55.37683,-21.04419,1798.0],[55.37678,-21.04391,1798.0],[55.37677,-21.04378,1798.0],[55.37675,-21.04365,1793.0],[55.37678,-21.04354,1793.0],[55.37687,-21.0435,1793.0],[55.37693,-21.04341,1796.0],[55.37684,-21.04322,1800.0],[55.37684,-21.04309,1790.0],[55.37691,-21.04297,1795.0],[55.37704,-21.0428,1785.0],[55.37709,-21.04263,1785.0],[55.37716,-21.0425,1779.0],[55.37715,-21.04235,1766.0],[55.37717,-21.04219,1781.0],[55.3773,-21.04202,1774.0],[55.37731,-21.0419,1781.0],[55.37731,-21.04179,1783.0],[55.37739,-21.04173,1783.0],[55.3776,-21.04163,1781.0],[55.37765,-21.04153,1781.0],[55.37775,-21.04138,1759.0],[55.37777,-21.04124,1759.0],[55.37788,-21.04113,1757.0],[55.3779,-21.04105,1757.0],[55.37792,-21.04092,1757.0],[55.37797,-21.04083,1753.0],[55.378,-21.04058,1748.0],[55.37805,-21.0405,1743.0],[55.37814,-21.04038,1742.0],[55.37818,-21.04026,1742.0],[55.37819,-21.04018,1742.0],[55.37825,-21.04003,1736.0],[55.37824,-21.03998,1736.0],[55.37827,-21.03991,1736.0],[55.37833,-21.03981,1736.0],[55.37853,-21.03952,1742.0],[55.37868,-21.03936,1739.0],[55.37874,-21.03928,1749.0],[55.37877,-21.03911,1749.0],[55.37882,-21.03905,1723.0],[55.37889,-21.03899,1754.0],[55.37899,-21.03888,1754.0],[55.379,-21.03885,1754.0],[55.37893,-21.03867,1754.0],[55.379,-21.03864,1760.0],[55.37907,-21.03867,1760.0],[55.37911,-21.0386,1755.0],[55.37915,-21.03858,1752.0],[55.3792,-21.03852,1755.0],[55.37922,-21.03847,1755.0],[55.3793,-21.0384,1755.0],[55.37949,-21.03827,1751.0],[55.37955,-21.03821,1751.0],[55.37969,-21.03802,1750.0],[55.37971,-21.03796,1747.0],[55.37974,-21.03791,1747.0],[55.37993,-21.03775,1750.0],[55.38002,-21.03769,1749.0],[55.38013,-21.0376,1749.0],[55.3802,-21.03753,1751.0],[55.38027,-21.03744,1743.0],[55.38055,-21.03716,1752.0],[55.38065,-21.03705,1752.0],[55.38078,-21.03695,1752.0],[55.38088,-21.03692,1754.0],[55.38099,-21.0369,1754.0],[55.38109,-21.03686,1753.0],[55.38119,-21.03686,1753.0],[55.38149,-21.03684,1755.0],[55.38161,-21.03678,1757.0],[55.38169,-21.03671,1757.0],[55.38177,-21.03666,1755.0],[55.38191,-21.03654,1741.0],[55.38193,-21.03649,1756.0],[55.38194,-21.0364,1751.0],[55.38203,-21.03628,1756.0],[55.38211,-21.03623,1748.0],[55.38218,-21.03621,1758.0],[55.38226,-21.03617,1766.0],[55.38228,-21.03595,1761.0],[55.38227,-21.03575,1765.0],[55.38225,-21.03568,1765.0],[55.38211,-21.03552,1769.0],[55.38211,-21.03533,1766.0],[55.38215,-21.03525,1776.0],[55.38219,-21.0352,1776.0],[55.38237,-21.03505,1760.0],[55.38245,-21.03493,1769.0],[55.38265,-21.03471,1755.0],[55.38276,-21.03466,1754.0],[55.38289,-21.03464,1754.0],[55.38309,-21.03462,1731.0],[55.38323,-21.03457,1714.0],[55.38329,-21.03452,1714.0],[55.38329,-21.0344,1743.0],[55.38332,-21.03425,1746.0],[55.38338,-21.03417,1746.0],[55.3835,-21.03398,1755.0],[55.38359,-21.03367,1756.0],[55.38382,-21.03329,1759.0],[55.38385,-21.03327,1759.0],[55.38393,-21.03318,1759.0],[55.38402,-21.0331,1759.0],[55.38416,-21.03306,1761.0],[55.38426,-21.03304,1761.0],[55.38436,-21.03303,1754.0],[55.38444,-21.03297,1736.0],[55.38447,-21.0329,1736.0],[55.38444,-21.03278,1749.0],[55.38449,-21.03273,1749.0],[55.38457,-21.03269,1749.0],[55.38464,-21.03269,1719.0],[55.38474,-21.03256,1749.0],[55.38479,-21.03253,1748.0],[55.38483,-21.03239,1748.0],[55.38495,-21.03224,1749.0],[55.38499,-21.03216,1749.0],[55.38502,-21.03212,1749.0],[55.38534,-21.03188,1743.0],[55.38543,-21.03173,1735.0],[55.38558,-21.0317,1732.0],[55.38591,-21.03151,1732.0],[55.38603,-21.03145,1738.0],[55.38607,-21.03139,1738.0],[55.38617,-21.03133,1730.0],[55.38629,-21.03122,1738.0],[55.38633,-21.03114,1728.0],[55.38636,-21.031,1728.0],[55.38641,-21.03089,1723.0],[55.38639,-21.03072,1723.0],[55.38637,-21.03062,1723.0],[55.38633,-21.03054,1716.0],[55.38634,-21.03049,1716.0],[55.38637,-21.03039,1720.0],[55.38643,-21.03035,1720.0],[55.38651,-21.03032,1720.0],[55.38649,-21.03026,1720.0],[55.38645,-21.03021,1720.0],[55.38642,-21.03014,1720.0],[55.38632,-21.03002,1708.0],[55.38617,-21.0299,1716.0],[55.38615,-21.02978,1708.0],[55.38618,-21.02959,1716.0],[55.38618,-21.0295,1708.0],[55.38616,-21.02938,1706.0],[55.38609,-21.02919,1716.0],[55.38602,-21.02908,1716.0],[55.38597,-21.02902,1709.0],[55.38599,-21.02894,1712.0],[55.38603,-21.02888,1709.0],[55.3862,-21.0287,1709.0],[55.38632,-21.02856,1703.0],[55.38639,-21.02841,1703.0],[55.3864,-21.02837,1698.0],[55.38639,-21.0283,1698.0],[55.38631,-21.02807,1698.0],[55.3862,-21.02789,1694.0],[55.38613,-21.02772,1694.0],[55.38615,-21.02758,1691.0],[55.3863,-21.02741,1691.0],[55.38639,-21.02732,1690.0],[55.38647,-21.0273,1690.0],[55.3866,-21.02728,1689.0],[55.38665,-21.02721,1689.0],[55.38686,-21.0271,1689.0],[55.38697,-21.02696,1685.0],[55.38707,-21.02679,1685.0],[55.38721,-21.02662,1683.0],[55.38728,-21.02651,1686.0],[55.38733,-21.02639,1687.0],[55.38738,-21.02623,1685.0],[55.38738,-21.02613,1685.0],[55.38737,-21.02601,1685.0],[55.38739,-21.02584,1685.0],[55.38762,-21.02572,1683.0],[55.38776,-21.02569,1683.0],[55.38791,-21.02548,1681.0],[55.38805,-21.02531,1678.0],[55.38808,-21.02525,1680.0],[55.38814,-21.02516,1678.0],[55.38817,-21.02501,1679.0],[55.38817,-21.02495,1679.0],[55.38835,-21.02465,1671.0],[55.38857,-21.02435,1665.0],[55.38863,-21.02423,1665.0],[55.38881,-21.02401,1671.0],[55.38887,-21.02396,1677.0],[55.3889,-21.02391,1677.0],[55.38895,-21.02386,1677.0],[55.389,-21.02382,1677.0],[55.38914,-21.02368,1677.0],[55.38932,-21.02364,1677.0],[55.38939,-21.0236,1677.0],[55.38947,-21.02352,1674.0],[55.38961,-21.02344,1673.0],[55.38972,-21.02339,1669.0],[55.38987,-21.0233,1672.0],[55.38971,-21.02313,1669.0],[55.38956,-21.02302,1672.0],[55.38949,-21.0229,1672.0],[55.38945,-21.02263,1664.0],[55.38942,-21.02249,1647.0],[55.38932,-21.02233,1648.0],[55.38915,-21.02212,1645.0],[55.38887,-21.02195,1642.0],[55.38871,-21.02183,1636.0],[55.38865,-21.02169,1629.0],[55.38861,-21.02152,1629.0],[55.38837,-21.02144,1622.0],[55.38832,-21.02135,1622.0],[55.3883,-21.02124,1622.0],[55.38825,-21.02111,1615.0],[55.38815,-21.02093,1616.0],[55.3881,-21.02086,1614.0],[55.38784,-21.02058,1613.0],[55.38776,-21.02025,1613.0],[55.38771,-21.02018,1606.0],[55.38768,-21.01997,1612.0],[55.38766,-21.01972,1611.0],[55.38767,-21.01966,1611.0],[55.38772,-21.01951,1600.0],[55.38771,-21.01919,1606.0],[55.3875,-21.01874,1602.0],[55.38741,-21.01846,1600.0],[55.38739,-21.01835,1599.0],[55.38728,-21.0182,1599.0],[55.38715,-21.01804,1594.0],[55.38709,-21.01793,1596.0],[55.38697,-21.0178,1594.0],[55.38687,-21.01745,1589.0],[55.38675,-21.01734,1589.0],[55.38664,-21.01722,1589.0],[55.38657,-21.01702,1581.0],[55.3865,-21.01695,1578.0],[55.38639,-21.0169,1578.0],[55.3863,-21.01684,1575.0],[55.38626,-21.01676,1571.0],[55.3862,-21.01671,1571.0],[55.38618,-21.01663,1571.0],[55.38598,-21.01641,1565.0],[55.38583,-21.01622,1565.0],[55.38576,-21.0162,1565.0],[55.38565,-21.01616,1549.0],[55.38561,-21.01613,1549.0],[55.38552,-21.01615,1549.0],[55.38526,-21.01613,1542.0],[55.38513,-21.01611,1536.0],[55.38506,-21.01605,1536.0],[55.38501,-21.01605,1536.0],[55.38484,-21.01597,1535.0],[55.38475,-21.01602,1535.0],[55.38472,-21.01603,1535.0],[55.38465,-21.01596,1535.0],[55.3845,-21.01596,1533.0],[55.38432,-21.01588,1521.0],[55.38423,-21.01587,1521.0],[55.38418,-21.01577,1521.0],[55.38409,-21.01569,1520.0],[55.38396,-21.01569,1520.0],[55.3839,-21.01565,1520.0],[55.38374,-21.0156,1521.0],[55.38353,-21.01551,1518.0],[55.38337,-21.01541,1515.0],[55.38298,-21.01528,1499.0],[55.3829,-21.01523,1499.0],[55.38257,-21.01501,1492.0],[55.38222,-21.01475,1482.0],[55.38207,-21.01468,1482.0],[55.38181,-21.01453,1477.0],[55.38169,-21.01451,1477.0],[55.38159,-21.01443,1474.0],[55.38152,-21.01432,1474.0],[55.38133,-21.01414,1460.0],[55.38119,-21.01396,1443.0],[55.38105,-21.01392,1452.0],[55.38099,-21.01388,1445.0],[55.38086,-21.01391,1445.0],[55.38078,-21.01395,1445.0],[55.38078,-21.01386,1445.0],[55.38077,-21.01381,1445.0],[55.38072,-21.01379,1445.0],[55.38063,-21.01381,1444.0],[55.38055,-21.01379,1444.0],[55.38039,-21.01371,1435.0],[55.38034,-21.01373,1435.0],[55.38027,-21.01366,1431.0],[55.38001,-21.01359,1427.0],[55.3797,-21.01354,1420.0],[55.37957,-21.0135,1407.0],[55.37943,-21.01353,1407.0],[55.37928,-21.01348,1412.0],[55.37915,-21.01338,1400.0],[55.37891,-21.01326,1402.0],[55.37866,-21.01317,1404.0],[55.37862,-21.0131,1398.0],[55.3786,-21.01304,1387.0],[55.37839,-21.0128,1394.0],[55.37829,-21.01267,1394.0],[55.37826,-21.01254,1385.0],[55.37828,-21.01245,1385.0],[55.3782,-21.01234,1390.0],[55.37811,-21.01216,1383.0],[55.37799,-21.01209,1381.0],[55.37783,-21.01207,1381.0],[55.37778,-21.01209,1381.0],[55.37773,-21.01205,1381.0],[55.37768,-21.01199,1369.0],[55.37763,-21.01198,1369.0],[55.37758,-21.01189,1369.0],[55.37746,-21.01187,1369.0],[55.3774,-21.01182,1372.0],[55.37714,-21.01174,1367.0],[55.377,-21.01167,1366.0],[55.37692,-21.0115,1366.0],[55.37656,-21.01116,1356.0],[55.3765,-21.01108,1341.0],[55.37641,-21.01102,1341.0],[55.37611,-21.01093,1346.0],[55.37582,-21.0108,1336.0],[55.37571,-21.01078,1336.0],[55.37568,-21.01075,1334.0],[55.37547,-21.01062,1333.0],[55.37526,-21.01047,1325.0],[55.37503,-21.01037,1314.0],[55.37498,-21.01029,1314.0],[55.37499,-21.01008,1308.0],[55.37492,-21.00992,1308.0],[55.37483,-21.00982,1307.0],[55.37464,-21.00948,1303.0],[55.37453,-21.00942,1297.0],[55.37445,-21.00934,1297.0],[55.37429,-21.0093,1300.0],[55.37409,-21.00912,1292.0],[55.37394,-21.00908,1292.0],[55.37394,-21.00902,1292.0],[55.37392,-21.009,1292.0],[55.37386,-21.00901,1292.0],[55.37384,-21.00898,1274.0],[55.37389,-21.00889,1274.0],[55.37377,-21.00893,1281.0],[55.37383,-21.00882,1274.0],[55.37372,-21.00879,1281.0],[55.37373,-21.00872,1281.0],[55.37363,-21.00873,1281.0],[55.37351,-21.00869,1262.0],[55.37339,-21.00864,1274.0],[55.37317,-21.0085,1268.0],[55.37301,-21.00847,1268.0],[55.3728,-21.00838,1258.0],[55.37264,-21.00844,1265.0],[55.37257,-21.00842,1265.0],[55.37243,-21.00842,1265.0],[55.37227,-21.00824,1259.0],[55.37217,-21.00817,1259.0],[55.37193,-21.00809,1256.0],[55.37181,-21.00815,1256.0],[55.37169,-21.00818,1256.0],[55.37156,-21.00812,1254.0],[55.37142,-21.00814,1254.0],[55.37135,-21.00813,1254.0],[55.37116,-21.008,1242.0],[55.37092,-21.00754,1223.0],[55.37084,-21.00747,1223.0],[55.37068,-21.0074,1223.0],[55.37057,-21.00728,1214.0],[55.3703,-21.00716,1223.0],[55.36996,-21.00701,1223.0],[55.36976,-21.00688,1211.0],[55.36952,-21.00689,1218.0],[55.36917,-21.0068,1214.0],[55.36892,-21.00667,1203.0],[55.36886,-21.00654,1203.0],[55.3688,-21.00646,1199.0],[55.3686,-21.00638,1201.0],[55.36839,-21.0063,1200.0],[55.36832,-21.00623,1200.0],[55.36821,-21.00616,1187.0],[55.36792,-21.0062,1183.0],[55.36779,-21.00606,1175.0],[55.36768,-21.00591,1172.0],[55.36738,-21.00573,1168.0],[55.36708,-21.00572,1164.0],[55.36678,-21.00563,1160.0],[55.36664,-21.00557,1160.0],[55.3665,-21.00555,1157.0],[55.36635,-21.00562,1154.0],[55.36623,-21.0056,1154.0],[55.36572,-21.0054,1145.0],[55.36555,-21.00522,1141.0],[55.36537,-21.00493,1127.0],[55.36512,-21.00478,1117.0],[55.3649,-21.00474,1117.0],[55.36473,-21.00468,1117.0],[55.36463,-21.00462,1117.0],[55.36455,-21.00455,1117.0],[55.36446,-21.00429,1103.0],[55.36424,-21.00405,1101.0],[55.36402,-21.00381,1092.0],[55.36391,-21.00372,1092.0],[55.36377,-21.00367,1087.0],[55.3636,-21.00358,1087.0],[55.36338,-21.00333,1072.0],[55.36326,-21.00314,1072.0],[55.36318,-21.00309,1065.0],[55.36305,-21.00297,1065.0],[55.36293,-21.00271,1065.0],[55.36278,-21.00257,1055.0],[55.36251,-21.0024,1057.0],[55.36235,-21.00225,1046.0],[55.3622,-21.00218,1046.0],[55.36205,-21.00205,1039.0],[55.36199,-21.00197,1038.0],[55.36175,-21.00174,1028.0],[55.36155,-21.00162,1026.0],[55.36149,-21.00154,1026.0],[55.36117,-21.00138,1020.0],[55.36094,-21.0013,1019.0],[55.36087,-21.00127,1019.0],[55.36076,-21.00109,1011.0],[55.3606,-21.00097,1017.0],[55.36051,-21.00086,1015.0],[55.36041,-21.00065,1015.0],[55.36015,-21.00054,991.0],[55.35995,-21.00031,971.0],[55.35969,-21.00014,969.0],[55.3596,-21.00012,967.0],[55.35943,-21.00004,967.0],[55.3593,-21.0,964.0],[55.35899,-20.99982,966.0],[55.35895,-20.99973,961.0],[55.35888,-20.9996,961.0],[55.35873,-20.99946,954.0],[55.35867,-20.9993,954.0],[55.35856,-20.99928,950.0],[55.35849,-20.99922,942.0],[55.35849,-20.99914,942.0],[55.35822,-20.99896,947.0],[55.358,-20.9989,935.0],[55.35788,-20.99883,935.0],[55.35784,-20.99873,935.0],[55.35784,-20.99864,924.0],[55.3577,-20.99858,921.0],[55.35761,-20.99852,921.0],[55.35765,-20.99845,921.0],[55.35761,-20.99843,921.0],[55.35742,-20.99847,921.0],[55.35741,-20.99854,921.0],[55.35736,-20.9986,917.0],[55.35716,-20.99861,917.0],[55.3572,-20.99852,917.0],[55.35719,-20.99845,917.0],[55.35714,-20.99839,918.0],[55.35704,-20.99836,912.0],[55.35698,-20.99833,912.0],[55.3569,-20.99821,911.0],[55.3567,-20.99814,911.0],[55.35658,-20.99807,899.0],[55.35644,-20.99802,899.0],[55.35638,-20.99804,899.0],[55.35633,-20.9981,899.0],[55.35629,-20.99804,898.0],[55.35621,-20.998,898.0],[55.35603,-20.99782,891.0],[55.35575,-20.99759,886.0],[55.35565,-20.9975,870.0],[55.35557,-20.99748,870.0],[55.35549,-20.99752,860.0],[55.35537,-20.99748,860.0],[55.3553,-20.99746,860.0],[55.35527,-20.9974,860.0],[55.35523,-20.99719,850.0],[55.35522,-20.99703,850.0],[55.35516,-20.99695,848.0],[55.3551,-20.99691,848.0],[55.35504,-20.99676,849.0],[55.35496,-20.99672,849.0],[55.3547,-20.9965,837.0],[55.3546,-20.99638,833.0],[55.3544,-20.99621,836.0],[55.35409,-20.99603,828.0],[55.35391,-20.99595,828.0],[55.35381,-20.99585,820.0],[55.35377,-20.99577,814.0],[55.3538,-20.99573,814.0],[55.35387,-20.99575,820.0],[55.35397,-20.99579,820.0],[55.35408,-20.99578,820.0],[55.35416,-20.99571,818.0],[55.35419,-20.99567,818.0],[55.35423,-20.9956,818.0],[55.35428,-20.99547,800.0],[55.35434,-20.99542,800.0],[55.35436,-20.99537,791.0],[55.35431,-20.99534,791.0],[55.35415,-20.99535,791.0],[55.35413,-20.99533,791.0],[55.35417,-20.99525,791.0],[55.35421,-20.99514,791.0],[55.3542,-20.99509,781.0],[55.35399,-20.99505,778.0],[55.35386,-20.99501,778.0],[55.35379,-20.99495,777.0],[55.35377,-20.99486,777.0],[55.35377,-20.99478,773.0],[55.35376,-20.99472,758.0],[55.35373,-20.99469,758.0],[55.35369,-20.99471,758.0],[55.35362,-20.99473,758.0],[55.3535,-20.99485,768.0],[55.35348,-20.99492,768.0],[55.35343,-20.99495,768.0],[55.3534,-20.9949,768.0],[55.35332,-20.99489,768.0],[55.35326,-20.99491,768.0],[55.35315,-20.9949,761.0],[55.35309,-20.99488,761.0],[55.35297,-20.99487,754.0],[55.35288,-20.99488,754.0],[55.35284,-20.9949,754.0],[55.3528,-20.99488,754.0],[55.35278,-20.99483,754.0],[55.35278,-20.99477,733.0],[55.35264,-20.99472,730.0],[55.35256,-20.99472,730.0],[55.35247,-20.99468,730.0],[55.35245,-20.99459,730.0],[55.35239,-20.99452,727.0],[55.35241,-20.99448,719.0],[55.35244,-20.99445,719.0],[55.35238,-20.99439,713.0],[55.35227,-20.99434,713.0],[55.35221,-20.99429,710.0],[55.35224,-20.99423,710.0],[55.35213,-20.99408,710.0],[55.35208,-20.99398,705.0],[55.35205,-20.9939,696.0],[55.35204,-20.9938,696.0],[55.35207,-20.99368,700.0],[55.35201,-20.99354,700.0],[55.35191,-20.99351,700.0],[55.3517,-20.99349,686.0],[55.35148,-20.99347,681.0],[55.35128,-20.99343,674.0],[55.35121,-20.99344,674.0],[55.35115,-20.99337,678.0],[55.35114,-20.99333,678.0],[55.35109,-20.99334,678.0],[55.35095,-20.99345,673.0],[55.35092,-20.99342,665.0],[55.35091,-20.99339,672.0],[55.35097,-20.99322,672.0],[55.35096,-20.99316,672.0],[55.35081,-20.9931,672.0],[55.35073,-20.99309,667.0],[55.35065,-20.99315,662.0],[55.35058,-20.99323,662.0],[55.35052,-20.99335,662.0],[55.35049,-20.99336,651.0],[55.35044,-20.99333,651.0],[55.35037,-20.99325,651.0],[55.35032,-20.99316,651.0],[55.35015,-20.99297,642.0],[55.35016,-20.99282,644.0],[55.35013,-20.99274,644.0],[55.35009,-20.99267,644.0],[55.35001,-20.99264,644.0],[55.34979,-20.99262,633.0],[55.3496,-20.99265,629.0],[55.34945,-20.99264,629.0],[55.34932,-20.99261,624.0],[55.34895,-20.99227,619.0],[55.34896,-20.99217,619.0],[55.34891,-20.9921,619.0],[55.34857,-20.99197,615.0],[55.3483,-20.99196,610.0],[55.34814,-20.99205,603.0],[55.34801,-20.99202,603.0],[55.34798,-20.99205,597.0],[55.34791,-20.99201,597.0],[55.34786,-20.99186,593.0],[55.34772,-20.9918,593.0],[55.34734,-20.9917,578.0],[55.34716,-20.99167,578.0],[55.34701,-20.99169,568.0],[55.34672,-20.9917,568.0],[55.34672,-20.99164,558.0],[55.34684,-20.99155,558.0],[55.34699,-20.9915,568.0],[55.3471,-20.99145,574.0],[55.34713,-20.99137,586.0],[55.34707,-20.99129,562.0],[55.34696,-20.99123,574.0],[55.34657,-20.9911,561.0],[55.34635,-20.99097,556.0],[55.34631,-20.99086,560.0],[55.34636,-20.99058,555.0],[55.34645,-20.99041,555.0],[55.34667,-20.99021,556.0],[55.34693,-20.99,558.0],[55.34712,-20.98983,569.0],[55.34721,-20.98969,550.0],[55.34719,-20.98958,577.0],[55.34708,-20.9895,553.0],[55.3468,-20.98951,542.0],[55.34639,-20.9895,535.0],[55.34608,-20.98952,528.0],[55.34579,-20.9895,532.0],[55.34568,-20.98941,528.0],[55.34555,-20.98927,529.0],[55.3453,-20.98887,526.0],[55.345,-20.98848,524.0],[55.34499,-20.98808,524.0],[55.3449,-20.98773,524.0],[55.3446,-20.98739,515.0],[55.34434,-20.9869,494.0],[55.34434,-20.98643,490.0],[55.34446,-20.98612,488.0],[55.34446,-20.98596,488.0],[55.34459,-20.98593,488.0],[55.34451,-20.98569,485.0],[55.34454,-20.98555,488.0],[55.34475,-20.98555,488.0],[55.34483,-20.98545,488.0],[55.34482,-20.98527,487.0],[55.34473,-20.98496,487.0],[55.34471,-20.98479,476.0],[55.34499,-20.98476,488.0],[55.34532,-20.98472,489.0],[55.34563,-20.98461,492.0],[55.34581,-20.98439,488.0],[55.34565,-20.98428,486.0],[55.34525,-20.98415,484.0],[55.34502,-20.98411,479.0],[55.34482,-20.984,474.0],[55.34466,-20.98383,474.0],[55.34468,-20.98371,474.0],[55.34477,-20.98364,470.0],[55.3451,-20.9835,474.0],[55.34539,-20.98332,474.0],[55.34548,-20.98316,475.0],[55.34559,-20.98293,474.0],[55.34571,-20.98266,470.0],[55.34563,-20.98243,466.0],[55.34567,-20.98233,472.0],[55.34576,-20.98226,474.0],[55.34591,-20.98208,470.0],[55.34589,-20.98188,470.0],[55.34578,-20.9817,469.0],[55.34558,-20.98143,460.0],[55.34534,-20.98119,454.0],[55.3451,-20.98073,450.0],[55.34507,-20.98062,450.0],[55.34517,-20.98055,439.0],[55.34545,-20.9805,449.0],[55.34585,-20.98042,450.0],[55.34604,-20.98041,456.0],[55.34622,-20.98032,452.0],[55.34633,-20.9802,456.0],[55.34633,-20.98007,447.0],[55.34617,-20.97995,448.0],[55.34592,-20.97987,443.0],[55.34563,-20.97977,439.0],[55.34553,-20.9797,439.0],[55.34523,-20.9794,439.0],[55.34506,-20.97931,426.0],[55.34479,-20.97912,433.0],[55.34466,-20.97898,427.0],[55.34461,-20.9789,427.0],[55.34458,-20.97882,418.0],[55.34449,-20.97849,424.0],[55.34445,-20.97838,421.0],[55.34436,-20.97825,421.0],[55.34429,-20.9782,417.0],[55.34419,-20.97823,417.0],[55.34415,-20.9784,418.0],[55.3441,-20.97847,414.0],[55.34386,-20.97866,414.0],[55.34357,-20.97891,412.0],[55.34318,-20.97927,403.0],[55.34311,-20.97929,403.0],[55.34304,-20.97929,403.0],[55.343,-20.97926,396.0],[55.34291,-20.97899,399.0],[55.34287,-20.97893,399.0],[55.34284,-20.97891,399.0],[55.34279,-20.97889,399.0],[55.34275,-20.9789,399.0],[55.34264,-20.97903,391.0],[55.34261,-20.97905,391.0],[55.34256,-20.97906,391.0],[55.34253,-20.97905,391.0],[55.34249,-20.97903,391.0],[55.34223,-20.97884,391.0],[55.34184,-20.97856,387.0],[55.34176,-20.97845,387.0],[55.34161,-20.97843,387.0],[55.34152,-20.97845,382.0],[55.34135,-20.9787,379.0],[55.34126,-20.97876,374.0],[55.34116,-20.97876,374.0],[55.34108,-20.97871,377.0],[55.34104,-20.97863,378.0],[55.341,-20.97826,376.0],[55.34092,-20.97816,376.0],[55.34081,-20.97822,376.0],[55.34067,-20.97839,372.0],[55.34052,-20.97857,371.0],[55.34048,-20.97865,362.0],[55.34042,-20.97883,361.0],[55.34042,-20.9789,361.0],[55.34044,-20.97894,361.0],[55.34058,-20.97917,359.0],[55.34073,-20.97941,358.0],[55.34075,-20.97949,358.0],[55.34075,-20.97953,356.0],[55.34073,-20.97957,356.0],[55.34069,-20.97956,352.0],[55.34065,-20.97953,355.0],[55.34024,-20.97914,353.0],[55.34013,-20.97905,349.0],[55.33983,-20.97889,350.0],[55.33972,-20.97873,346.0],[55.33972,-20.97866,348.0],[55.33981,-20.97842,348.0],[55.33995,-20.97798,345.0],[55.33994,-20.97793,352.0],[55.3397,-20.97779,344.0],[55.33965,-20.97774,342.0],[55.33965,-20.97768,342.0],[55.3397,-20.97751,344.0],[55.3397,-20.97741,344.0],[55.33968,-20.97736,344.0],[55.33952,-20.97727,337.0],[55.33945,-20.97722,337.0],[55.33944,-20.97718,337.0],[55.33945,-20.977,337.0],[55.33946,-20.97697,334.0],[55.33956,-20.97679,334.0],[55.33963,-20.97656,337.0],[55.33966,-20.97628,337.0],[55.33964,-20.97614,339.0],[55.33954,-20.97609,332.0],[55.33954,-20.97614,332.0],[55.33952,-20.97622,331.0],[55.33941,-20.97648,331.0],[55.33933,-20.97654,330.0],[55.33925,-20.97658,330.0],[55.33912,-20.97673,330.0],[55.33906,-20.97674,325.0],[55.33888,-20.97668,325.0],[55.33877,-20.9767,326.0],[55.33868,-20.97672,320.0],[55.3386,-20.9768,323.0],[55.33854,-20.97691,323.0],[55.3385,-20.97696,319.0],[55.33834,-20.97704,319.0],[55.33812,-20.97712,318.0],[55.33789,-20.97721,315.0],[55.33785,-20.97724,315.0],[55.3378,-20.97739,315.0],[55.33786,-20.97776,314.0],[55.33789,-20.97784,314.0],[55.33796,-20.97798,311.0],[55.33792,-20.978,311.0],[55.33783,-20.97813,310.0],[55.33779,-20.97816,310.0],[55.33774,-20.97819,310.0],[55.33755,-20.97828,304.0],[55.33749,-20.97828,304.0],[55.33746,-20.97826,304.0],[55.33745,-20.97823,304.0],[55.33755,-20.97799,303.0],[55.33754,-20.97789,308.0],[55.33751,-20.97782,308.0],[55.33728,-20.97775,303.0],[55.33715,-20.97768,303.0],[55.33707,-20.9776,296.0],[55.337,-20.97749,298.0],[55.33692,-20.97739,298.0],[55.33685,-20.97728,295.0],[55.33681,-20.97715,288.0],[55.33683,-20.97695,292.0],[55.3368,-20.97684,292.0],[55.3368,-20.97678,290.0],[55.33684,-20.97665,290.0],[55.33691,-20.9765,296.0],[55.33691,-20.97643,286.0],[55.33684,-20.97631,285.0],[55.33707,-20.97578,276.0],[55.33725,-20.97539,264.0],[55.33728,-20.97537,264.0],[55.33728,-20.97513,264.0],[55.33727,-20.97498,258.0],[55.33737,-20.97481,258.0],[55.33727,-20.97471,251.0],[55.33727,-20.97458,251.0],[55.33748,-20.97437,246.0],[55.33745,-20.97422,231.0],[55.33738,-20.97416,230.0],[55.33719,-20.97434,244.0],[55.33695,-20.97457,242.0],[55.33667,-20.9747,235.0],[55.33649,-20.97482,235.0],[55.33628,-20.97486,234.0],[55.33615,-20.9749,234.0],[55.33606,-20.97485,234.0],[55.33597,-20.97491,232.0],[55.33581,-20.97486,232.0],[55.33555,-20.97487,231.0],[55.33535,-20.9748,228.0],[55.33504,-20.97478,209.0],[55.33492,-20.97478,209.0],[55.33484,-20.97471,208.0],[55.33479,-20.97469,208.0],[55.33482,-20.9746,208.0],[55.33482,-20.97449,193.0],[55.33473,-20.97444,193.0],[55.33461,-20.97432,193.0],[55.33455,-20.97432,193.0],[55.33457,-20.97422,183.0],[55.33449,-20.97417,173.0],[55.33426,-20.97427,189.0],[55.33412,-20.9744,194.0],[55.33395,-20.97446,196.0],[55.3337,-20.97453,215.0],[55.33345,-20.97439,188.0],[55.33324,-20.97435,205.0],[55.33305,-20.97428,187.0],[55.3328,-20.97426,184.0],[55.33255,-20.97422,187.0],[55.33217,-20.97427,187.0],[55.3319,-20.97406,182.0],[55.33145,-20.97388,183.0],[55.33114,-20.97374,184.0],[55.33061,-20.97388,185.0],[55.33042,-20.97392,189.0],[55.32999,-20.97396,179.0],[55.32993,-20.97388,186.0],[55.32991,-20.97376,186.0],[55.32982,-20.97369,173.0],[55.3298,-20.97363,173.0],[55.32984,-20.97357,173.0],[55.32987,-20.97348,173.0],[55.32987,-20.97334,164.0],[55.32978,-20.97318,155.0],[55.32951,-20.97323,156.0],[55.32924,-20.97336,151.0],[55.3288,-20.97337,148.0],[55.32824,-20.97354,145.0],[55.328,-20.97356,140.0],[55.32767,-20.97343,144.0],[55.32702,-20.97316,135.0],[55.32702,-20.97316,135.0],[55.32681,-20.97306,132.0],[55.32685,-20.97276,133.0],[55.32676,-20.97306,133.0],[55.32639,-20.97297,134.0],[55.32611,-20.97291,132.0],[55.32586,-20.97273,131.0],[55.32568,-20.97257,122.0],[55.32559,-20.9725,122.0],[55.32557,-20.97243,122.0],[55.32556,-20.97235,122.0],[55.32575,-20.97226,122.0],[55.32599,-20.97216,122.0],[55.3262,-20.97208,121.0],[55.32643,-20.97199,117.0],[55.32655,-20.97192,117.0],[55.32686,-20.97198,117.0],[55.32686,-20.97198,117.0],[55.32686,-20.97198,117.0],[55.32679,-20.97192,117.0],[55.32672,-20.97188,117.0],[55.32671,-20.97186,117.0],[55.32671,-20.97184,117.0],[55.32674,-20.97177,114.0],[55.32686,-20.97171,114.0],[55.32675,-20.97161,114.0],[55.32668,-20.97155,114.0],[55.32643,-20.9714,110.0],[55.3263,-20.97132,109.0],[55.32628,-20.9713,109.0],[55.3262,-20.97127,109.0],[55.32605,-20.97125,109.0],[55.32596,-20.97123,107.0],[55.3258,-20.97116,106.0],[55.32573,-20.9711,109.0],[55.32575,-20.97105,106.0],[55.32576,-20.97101,106.0],[55.32575,-20.97093,106.0],[55.32578,-20.9708,109.0],[55.32568,-20.97058,112.0],[55.32565,-20.97053,112.0],[55.32561,-20.97044,112.0],[55.32551,-20.97024,115.0],[55.3255,-20.97021,116.0],[55.32549,-20.9701,119.0],[55.32547,-20.97004,119.0],[55.32545,-20.97002,119.0],[55.3254,-20.96995,115.0],[55.32532,-20.96984,119.0],[55.32524,-20.96978,115.0],[55.32522,-20.96976,115.0],[55.3252,-20.96971,114.0],[55.32516,-20.96968,114.0],[55.32504,-20.96958,114.0],[55.32496,-20.96955,114.0],[55.3249,-20.96954,114.0],[55.32488,-20.96952,111.0],[55.32486,-20.96949,106.0],[55.32486,-20.96944,106.0],[55.32489,-20.9694,106.0],[55.32508,-20.96921,116.0],[55.32516,-20.96916,113.0],[55.32527,-20.9692,119.0],[55.32535,-20.96922,116.0],[55.32538,-20.96924,119.0],[55.3254,-20.96926,119.0],[55.32542,-20.96934,112.0],[55.32545,-20.96936,112.0],[55.32551,-20.96937,116.0],[55.32564,-20.9694,116.0],[55.32571,-20.96943,121.0],[55.32581,-20.96944,121.0],[55.326,-20.9695,121.0],[55.32622,-20.96951,125.0],[55.3263,-20.9695,127.0],[55.32637,-20.96945,131.0],[55.32639,-20.96942,131.0],[55.32639,-20.9694,131.0],[55.32638,-20.96939,131.0],[55.32631,-20.96934,131.0],[55.3263,-20.96931,127.0],[55.3263,-20.9693,143.0],[55.32638,-20.96929,143.0],[55.32639,-20.96926,143.0],[55.32651,-20.96927,143.0],[55.32655,-20.96927,134.0],[55.32657,-20.96925,143.0],[55.32658,-20.9692,143.0],[55.32655,-20.96916,143.0],[55.32655,-20.96914,143.0],[55.32662,-20.96913,141.0],[55.32664,-20.96909,141.0],[55.32669,-20.96904,136.0],[55.32676,-20.96906,141.0],[55.3268,-20.96906,141.0],[55.32684,-20.96904,141.0],[55.32688,-20.96902,141.0],[55.32688,-20.969,141.0],[55.32688,-20.969,141.0],[55.32697,-20.96909,136.0],[55.32702,-20.96915,138.0],[55.32706,-20.96919,138.0],[55.32715,-20.96916,137.0],[55.32735,-20.96908,137.0],[55.32738,-20.96906,137.0],[55.32749,-20.96905,139.0],[55.32753,-20.96904,139.0],[55.32756,-20.96904,139.0],[55.32765,-20.96905,139.0],[55.32767,-20.96904,139.0],[55.32772,-20.96902,143.0],[55.32784,-20.969,143.0],[55.32791,-20.96898,141.0],[55.32794,-20.96897,157.0],[55.32799,-20.96898,157.0],[55.32809,-20.96897,155.0],[55.32811,-20.96898,155.0],[55.32816,-20.96902,144.0],[55.32821,-20.96909,144.0],[55.32823,-20.96911,144.0],[55.32832,-20.96912,144.0],[55.32843,-20.96912,144.0],[55.32843,-20.96912,144.0],[55.32843,-20.96912,144.0],[55.32858,-20.96916,149.0],[55.32879,-20.96918,149.0],[55.32914,-20.96915,155.0],[55.32949,-20.96902,155.0],[55.32962,-20.96894,160.0],[55.3298,-20.96888,160.0],[55.32991,-20.96883,164.0],[55.33021,-20.96878,161.0],[55.3303,-20.96869,174.0],[55.33044,-20.9686,165.0],[55.33052,-20.96858,170.0],[55.33066,-20.96861,170.0],[55.33081,-20.96862,170.0],[55.331,-20.9686,170.0],[55.33127,-20.96851,176.0],[55.33153,-20.9684,179.0],[55.33164,-20.96833,191.0],[55.33175,-20.9683,191.0],[55.3319,-20.96828,191.0],[55.33199,-20.9682,192.0],[55.33209,-20.96821,192.0],[55.3322,-20.96819,197.0],[55.3322,-20.96811,197.0],[55.33231,-20.96805,203.0],[55.33247,-20.96805,202.0],[55.33263,-20.96808,202.0],[55.33282,-20.96809,203.0],[55.33293,-20.96799,203.0],[55.33303,-20.96786,210.0],[55.33317,-20.96778,210.0],[55.3335,-20.96776,212.0],[55.33397,-20.96773,214.0],[55.33443,-20.96769,220.0],[55.33464,-20.96766,222.0],[55.33478,-20.96761,222.0],[55.33484,-20.96756,223.0],[55.33493,-20.96753,224.0],[55.33503,-20.96753,224.0],[55.3356,-20.96767,228.0],[55.3357,-20.96764,228.0],[55.33575,-20.96759,237.0],[55.33583,-20.96742,237.0],[55.33585,-20.96734,237.0],[55.33611,-20.96733,240.0],[55.33621,-20.96737,240.0],[55.33628,-20.96735,240.0],[55.33645,-20.96724,247.0],[55.33656,-20.9672,247.0],[55.33667,-20.9672,256.0],[55.33693,-20.96709,265.0],[55.33706,-20.96687,267.0],[55.33714,-20.96662,267.0],[55.33724,-20.96628,271.0],[55.33736,-20.96609,278.0],[55.33738,-20.966,278.0],[55.3373,-20.96559,280.0],[55.33731,-20.96548,280.0],[55.3374,-20.96543,280.0],[55.33756,-20.96545,282.0],[55.33775,-20.96556,295.0],[55.33779,-20.9656,285.0],[55.33781,-20.96567,285.0],[55.33786,-20.96571,285.0],[55.33793,-20.96573,285.0],[55.33832,-20.96572,296.0],[55.33845,-20.96571,296.0],[55.33881,-20.96571,303.0],[55.33909,-20.96569,303.0],[55.3392,-20.96575,308.0],[55.33947,-20.96581,311.0],[55.33962,-20.96583,319.0],[55.34007,-20.96584,324.0],[55.34035,-20.96587,329.0],[55.34048,-20.96596,329.0],[55.3405,-20.96616,329.0],[55.3406,-20.96633,341.0],[55.34061,-20.96653,345.0],[55.34065,-20.96669,345.0],[55.34105,-20.96674,355.0],[55.3412,-20.96677,355.0],[55.34132,-20.96678,358.0],[55.3415,-20.96684,361.0],[55.34158,-20.96688,361.0],[55.34174,-20.96685,366.0],[55.34182,-20.96687,366.0],[55.34202,-20.96706,369.0],[55.34217,-20.96713,375.0],[55.34228,-20.96725,375.0],[55.34229,-20.96742,377.0],[55.34226,-20.96752,377.0],[55.34218,-20.96758,377.0],[55.34227,-20.96793,382.0],[55.34233,-20.968,382.0],[55.34251,-20.96798,388.0],[55.34271,-20.96794,397.0],[55.34281,-20.96793,397.0],[55.34341,-20.96803,401.0],[55.34364,-20.96805,406.0],[55.34386,-20.9681,406.0],[55.34408,-20.96815,412.0],[55.34436,-20.96818,419.0],[55.34473,-20.96828,432.0],[55.34521,-20.96842,441.0],[55.34546,-20.96846,441.0],[55.34578,-20.96854,454.0],[55.34631,-20.96867,471.0],[55.34667,-20.96878,473.0],[55.34715,-20.96892,483.0],[55.34732,-20.96895,483.0],[55.34739,-20.96892,483.0],[55.34739,-20.96871,483.0],[55.34737,-20.96866,482.0],[55.34704,-20.96821,482.0],[55.34739,-20.96819,482.0],[55.34775,-20.96825,488.0],[55.34818,-20.96832,493.0],[55.34861,-20.96838,505.0],[55.34872,-20.96841,506.0],[55.34909,-20.96854,507.0],[55.34919,-20.96856,510.0],[55.3492,-20.9686,510.0],[55.34916,-20.96876,509.0],[55.34908,-20.96891,509.0],[55.34902,-20.96905,512.0],[55.34902,-20.96915,512.0],[55.34909,-20.96922,512.0],[55.34921,-20.96926,517.0],[55.34949,-20.96928,520.0],[55.3496,-20.96932,523.0],[55.34977,-20.96933,527.0],[55.34995,-20.96938,532.0],[55.35028,-20.9694,536.0],[55.35049,-20.96944,536.0],[55.35061,-20.96948,541.0],[55.35074,-20.96954,548.0],[55.35087,-20.96956,548.0],[55.35143,-20.96961,555.0],[55.35173,-20.96955,556.0],[55.352,-20.96964,558.0],[55.35217,-20.96974,562.0],[55.35246,-20.96985,572.0],[55.35262,-20.96986,572.0],[55.35274,-20.96993,581.0],[55.35283,-20.96994,581.0],[55.35293,-20.96997,581.0],[55.35302,-20.97003,579.0],[55.35311,-20.97006,591.0],[55.35318,-20.97006,591.0],[55.35331,-20.97014,582.0],[55.35344,-20.97017,577.0],[55.35359,-20.97015,585.0],[55.35375,-20.97021,585.0],[55.35396,-20.97022,593.0],[55.35416,-20.9702,601.0],[55.35428,-20.9702,601.0],[55.35436,-20.97023,601.0],[55.35482,-20.97036,612.0],[55.35505,-20.97039,617.0],[55.35547,-20.97051,613.0],[55.35558,-20.97052,623.0],[55.35579,-20.9705,630.0],[55.35589,-20.97051,630.0],[55.35602,-20.97057,634.0],[55.35627,-20.97061,630.0],[55.35629,-20.97064,630.0],[55.35661,-20.97079,647.0],[55.35713,-20.97095,652.0],[55.35753,-20.97099,664.0],[55.35768,-20.9711,664.0],[55.35799,-20.97138,668.0],[55.35815,-20.97147,677.0],[55.3584,-20.97158,676.0],[55.35869,-20.97172,685.0],[55.35928,-20.97196,692.0],[55.35968,-20.97195,707.0],[55.36007,-20.97218,709.0],[55.36021,-20.97225,719.0],[55.36033,-20.97226,719.0],[55.36046,-20.97234,711.0],[55.36059,-20.97239,725.0],[55.36094,-20.97247,726.0],[55.36099,-20.9725,726.0],[55.36098,-20.97238,726.0],[55.36095,-20.97225,726.0],[55.3609,-20.97209,734.0],[55.3609,-20.97206,734.0],[55.36093,-20.97197,726.0],[55.361,-20.97191,726.0],[55.36109,-20.97181,721.0],[55.3611,-20.97172,716.0],[55.36103,-20.97165,716.0],[55.36099,-20.97159,722.0],[55.36081,-20.97141,713.0],[55.36078,-20.97132,713.0],[55.36074,-20.97125,713.0],[55.36072,-20.97118,703.0],[55.36069,-20.97112,703.0],[55.36069,-20.97103,703.0],[55.36066,-20.97089,696.0],[55.36057,-20.97066,696.0],[55.36057,-20.97062,696.0],[55.36059,-20.97054,690.0],[55.36056,-20.97051,690.0],[55.36053,-20.97035,692.0],[55.36049,-20.97032,688.0],[55.36039,-20.97029,688.0],[55.36035,-20.97026,688.0],[55.36024,-20.97013,688.0],[55.36022,-20.97006,676.0],[55.36014,-20.96991,685.0],[55.36008,-20.96977,679.0],[55.36005,-20.96963,679.0],[55.36002,-20.96957,679.0],[55.36001,-20.96952,679.0],[55.36002,-20.96945,673.0],[55.36001,-20.96943,673.0],[55.35992,-20.96938,673.0],[55.35989,-20.96934,680.0],[55.35985,-20.96921,673.0],[55.35982,-20.96916,673.0],[55.35981,-20.96911,673.0],[55.35981,-20.96903,673.0],[55.35982,-20.96897,670.0],[55.3599,-20.96883,670.0],[55.35992,-20.96872,654.0],[55.35989,-20.96859,664.0],[55.35997,-20.96842,646.0],[55.35996,-20.96832,640.0],[55.35999,-20.96825,640.0],[55.35998,-20.96823,640.0],[55.35999,-20.96815,647.0],[55.35997,-20.96808,641.0],[55.36002,-20.96791,641.0],[55.36002,-20.96786,647.0],[55.36005,-20.9678,649.0],[55.36004,-20.96773,649.0],[55.36008,-20.96769,649.0],[55.36009,-20.96767,649.0],[55.36013,-20.96738,640.0],[55.3602,-20.9673,648.0],[55.36022,-20.96726,634.0],[55.36028,-20.9672,634.0],[55.36042,-20.96702,634.0],[55.3605,-20.96687,633.0],[55.36062,-20.96671,619.0],[55.36075,-20.96661,596.0],[55.3608,-20.96658,596.0],[55.36086,-20.96656,596.0],[55.3609,-20.96652,596.0],[55.36099,-20.96651,596.0],[55.36107,-20.96649,584.0],[55.3612,-20.96647,584.0],[55.3616,-20.96638,581.0],[55.36166,-20.96638,576.0],[55.3617,-20.96636,576.0],[55.36189,-20.96638,576.0],[55.36193,-20.96639,561.0],[55.362,-20.96639,561.0],[55.36204,-20.9664,561.0],[55.3623,-20.9664,541.0],[55.36257,-20.9664,514.0],[55.3625,-20.96633,514.0],[55.36246,-20.96623,514.0],[55.36244,-20.96612,513.0],[55.36243,-20.96596,508.0],[55.3624,-20.96583,512.0],[55.36227,-20.96572,512.0],[55.3622,-20.96554,498.0],[55.36194,-20.96533,503.0],[55.36168,-20.9651,503.0],[55.36152,-20.96503,503.0],[55.36115,-20.96494,501.0],[55.36069,-20.96485,500.0],[55.36062,-20.96482,500.0],[55.36061,-20.96478,498.0],[55.36065,-20.96474,498.0],[55.36074,-20.96469,499.0],[55.36076,-20.96461,496.0],[55.36059,-20.96455,498.0],[55.36024,-20.96447,492.0],[55.36003,-20.96441,490.0],[55.35976,-20.96428,487.0],[55.35967,-20.9642,487.0],[55.3597,-20.96416,487.0],[55.35998,-20.96408,482.0],[55.3603,-20.964,482.0],[55.36042,-20.96395,471.0],[55.36063,-20.96389,476.0],[55.36064,-20.96383,469.0],[55.36053,-20.96381,469.0],[55.36032,-20.96384,474.0],[55.35999,-20.96384,473.0],[55.3595,-20.96375,470.0],[55.35923,-20.96371,467.0],[55.35884,-20.96364,460.0],[55.35862,-20.96356,454.0],[55.35854,-20.96354,454.0],[55.35827,-20.96337,458.0],[55.35815,-20.96325,458.0],[55.35798,-20.9631,445.0],[55.35791,-20.96301,449.0],[55.35785,-20.96295,449.0],[55.35746,-20.96288,433.0],[55.35745,-20.96283,433.0],[55.3575,-20.9628,433.0],[55.35759,-20.96281,433.0],[55.35775,-20.96281,440.0],[55.35779,-20.9628,426.0],[55.35778,-20.96276,426.0],[55.35767,-20.96271,433.0],[55.35723,-20.96262,437.0],[55.35695,-20.96243,437.0],[55.35685,-20.96233,440.0],[55.35678,-20.9622,437.0],[55.3567,-20.96201,437.0],[55.35666,-20.96185,429.0],[55.35659,-20.96142,417.0],[55.35653,-20.96133,417.0],[55.35642,-20.96122,417.0],[55.35632,-20.96117,401.0],[55.35625,-20.96112,411.0],[55.35619,-20.96109,411.0],[55.3562,-20.96101,411.0],[55.35644,-20.961,401.0],[55.35651,-20.96098,401.0],[55.35655,-20.96093,401.0],[55.35664,-20.96078,400.0],[55.35665,-20.96075,400.0],[55.35675,-20.96066,400.0],[55.35681,-20.96062,400.0],[55.35687,-20.9606,400.0],[55.35692,-20.96049,419.0],[55.35709,-20.96047,419.0],[55.35712,-20.96044,435.0],[55.35719,-20.96043,435.0],[55.35724,-20.96041,435.0],[55.35727,-20.96028,446.0],[55.35732,-20.96025,446.0],[55.35735,-20.96019,446.0],[55.35735,-20.96015,446.0],[55.35733,-20.96009,459.0],[55.35733,-20.96004,459.0],[55.35734,-20.96002,459.0],[55.35727,-20.95991,459.0],[55.35714,-20.95968,475.0],[55.35694,-20.95947,479.0],[55.35692,-20.95944,479.0],[55.35691,-20.95941,479.0],[55.35696,-20.95932,479.0],[55.35702,-20.95915,493.0],[55.35694,-20.95904,493.0],[55.35699,-20.95895,498.0],[55.35704,-20.95894,498.0],[55.35708,-20.9589,498.0],[55.35712,-20.95888,510.0],[55.35717,-20.95883,510.0],[55.35724,-20.95885,510.0],[55.35736,-20.95887,499.0],[55.35735,-20.95882,510.0],[55.35737,-20.9588,510.0],[55.35736,-20.9587,510.0],[55.35734,-20.95864,500.0],[55.35726,-20.95858,497.0],[55.35711,-20.95851,500.0],[55.35701,-20.95848,496.0],[55.35693,-20.95847,496.0],[55.35686,-20.95845,488.0],[55.35684,-20.95842,488.0],[55.35698,-20.95838,491.0],[55.35701,-20.95836,485.0],[55.35704,-20.95831,485.0],[55.35702,-20.95822,485.0],[55.35707,-20.95818,485.0],[55.35711,-20.95818,487.0],[55.35717,-20.95816,487.0],[55.35715,-20.95805,474.0],[55.35726,-20.95801,474.0],[55.3573,-20.95797,474.0],[55.35747,-20.95792,479.0],[55.3575,-20.95789,464.0],[55.35751,-20.95785,464.0],[55.35754,-20.95776,464.0],[55.35761,-20.95771,464.0],[55.35763,-20.95766,464.0],[55.35771,-20.9576,461.0],[55.35775,-20.95755,446.0],[55.35796,-20.95756,446.0],[55.35813,-20.95761,457.0],[55.35818,-20.95761,457.0],[55.35821,-20.95758,444.0],[55.35828,-20.95756,444.0],[55.35838,-20.95748,444.0],[55.35847,-20.95748,444.0],[55.35856,-20.95742,439.0],[55.35861,-20.95735,439.0],[55.35873,-20.95724,415.0],[55.3588,-20.95722,415.0],[55.35882,-20.95717,411.0],[55.35891,-20.95706,411.0],[55.35902,-20.95696,407.0],[55.3591,-20.95686,407.0],[55.35918,-20.95679,401.0],[55.35923,-20.95673,401.0],[55.35929,-20.95671,401.0],[55.35934,-20.95666,401.0],[55.35946,-20.95661,397.0],[55.35956,-20.95662,397.0],[55.35965,-20.95666,403.0],[55.35987,-20.95683,403.0],[55.35992,-20.9569,404.0],[55.35996,-20.95694,404.0],[55.36003,-20.95695,404.0],[55.3602,-20.95694,400.0],[55.36039,-20.95695,402.0],[55.36044,-20.95696,402.0],[55.36053,-20.95699,406.0],[55.36062,-20.95708,409.0],[55.3607,-20.95711,409.0],[55.36082,-20.95712,413.0],[55.36089,-20.95711,413.0],[55.36104,-20.95706,413.0],[55.36108,-20.95703,413.0],[55.36118,-20.957,413.0],[55.36126,-20.95699,400.0],[55.36134,-20.957,414.0],[55.36137,-20.95701,414.0],[55.36145,-20.95706,414.0],[55.36159,-20.95717,414.0],[55.36165,-20.95726,414.0],[55.36209,-20.95724,420.0],[55.36219,-20.95724,411.0],[55.36232,-20.95725,411.0],[55.3625,-20.9573,422.0],[55.36263,-20.95731,427.0],[55.36267,-20.95733,427.0],[55.36283,-20.95737,423.0],[55.36285,-20.95739,425.0],[55.363,-20.95745,425.0],[55.36307,-20.95751,424.0],[55.36316,-20.95756,424.0],[55.3635,-20.95758,425.0],[55.36365,-20.95758,425.0],[55.36383,-20.95762,430.0],[55.36434,-20.95765,429.0],[55.36464,-20.95772,429.0],[55.36475,-20.95777,429.0],[55.36487,-20.95781,429.0],[55.36508,-20.95785,441.0],[55.36538,-20.95793,443.0],[55.36559,-20.95795,445.0],[55.36577,-20.95788,441.0],[55.36593,-20.95786,445.0],[55.36606,-20.95771,441.0],[55.3661,-20.95761,440.0],[55.36607,-20.95749,441.0],[55.36603,-20.95736,441.0],[55.36583,-20.95723,446.0],[55.36574,-20.9572,437.0],[55.36567,-20.95715,437.0],[55.36524,-20.95701,438.0],[55.36516,-20.95697,440.0],[55.36494,-20.95681,436.0],[55.36472,-20.95663,434.0],[55.36457,-20.95654,425.0],[55.36443,-20.95638,438.0],[55.36428,-20.95627,423.0],[55.3642,-20.95618,437.0],[55.36397,-20.956,436.0],[55.36393,-20.95595,436.0],[55.3638,-20.95579,429.0],[55.36357,-20.95583,429.0],[55.36346,-20.95573,433.0],[55.36339,-20.95561,428.0],[55.36317,-20.95552,434.0],[55.36304,-20.95546,437.0],[55.36294,-20.95539,433.0],[55.36279,-20.95531,435.0],[55.36268,-20.95523,433.0],[55.36261,-20.9552,433.0],[55.36244,-20.95508,431.0],[55.36227,-20.955,437.0],[55.36206,-20.95493,429.0],[55.36187,-20.95485,424.0],[55.36175,-20.95482,424.0],[55.36163,-20.95477,427.0],[55.36148,-20.95474,421.0],[55.36107,-20.95462,415.0],[55.36089,-20.95456,409.0],[55.36065,-20.95434,412.0],[55.36058,-20.95427,420.0],[55.36031,-20.95415,410.0],[55.36013,-20.95403,402.0],[55.35995,-20.95386,407.0],[55.35977,-20.95385,398.0],[55.35967,-20.95378,404.0],[55.35953,-20.95358,401.0],[55.35943,-20.95354,401.0],[55.35921,-20.95351,397.0],[55.3591,-20.95345,404.0],[55.35898,-20.95335,408.0],[55.35887,-20.95327,400.0],[55.3587,-20.95316,396.0],[55.35856,-20.9531,408.0],[55.35841,-20.95293,405.0],[55.35829,-20.95278,410.0],[55.35822,-20.95263,417.0],[55.3581,-20.95254,406.0],[55.35805,-20.95252,412.0],[55.35784,-20.95243,402.0],[55.35759,-20.9523,410.0],[55.35747,-20.9522,419.0],[55.35741,-20.95211,419.0],[55.35733,-20.95203,406.0],[55.35722,-20.95196,421.0],[55.35694,-20.95176,416.0],[55.35688,-20.9517,414.0],[55.35671,-20.9516,414.0],[55.3566,-20.95154,403.0],[55.35643,-20.95142,413.0],[55.35627,-20.95132,406.0],[55.35617,-20.95127,414.0],[55.35616,-20.95125,406.0],[55.35617,-20.95121,406.0],[55.35626,-20.95111,404.0],[55.3564,-20.95106,416.0],[55.35662,-20.9508,418.0],[55.35669,-20.95069,418.0],[55.35677,-20.95053,418.0],[55.35677,-20.95051,418.0],[55.35655,-20.95038,417.0],[55.35643,-20.95028,417.0],[55.35632,-20.9502,417.0],[55.35618,-20.95007,419.0],[55.35609,-20.94994,419.0],[55.35607,-20.9499,419.0],[55.35606,-20.94977,424.0],[55.35605,-20.94973,424.0],[55.35603,-20.94967,424.0],[55.356,-20.94963,416.0],[55.35595,-20.94959,416.0],[55.35587,-20.94955,416.0],[55.35577,-20.94948,423.0],[55.35561,-20.94936,411.0],[55.35558,-20.94932,411.0],[55.35552,-20.94929,423.0],[55.35543,-20.94922,421.0],[55.35535,-20.94914,421.0],[55.3553,-20.94906,428.0],[55.35514,-20.94891,433.0],[55.3551,-20.94886,433.0],[55.35504,-20.94877,433.0],[55.35499,-20.94865,434.0],[55.35498,-20.9486,434.0],[55.35485,-20.94848,434.0],[55.35481,-20.94847,434.0],[55.35469,-20.94839,437.0],[55.35464,-20.94838,437.0],[55.35459,-20.94834,440.0],[55.35453,-20.94825,440.0],[55.35442,-20.94822,425.0],[55.35437,-20.9482,423.0],[55.35419,-20.94821,423.0],[55.35405,-20.94828,414.0],[55.35384,-20.9484,409.0],[55.3537,-20.94844,412.0],[55.35364,-20.94844,407.0],[55.3536,-20.94846,407.0],[55.35349,-20.94846,403.0],[55.35348,-20.94845,403.0],[55.35356,-20.94827,411.0],[55.35354,-20.94818,410.0],[55.35355,-20.94815,410.0],[55.35352,-20.94805,410.0],[55.35345,-20.94798,411.0],[55.35339,-20.94795,411.0],[55.35334,-20.94791,411.0],[55.3533,-20.94782,404.0],[55.35327,-20.94773,404.0],[55.3532,-20.94766,396.0],[55.35307,-20.94758,397.0],[55.3529,-20.94743,388.0],[55.35285,-20.94731,388.0],[55.35285,-20.94721,387.0],[55.35284,-20.94711,387.0],[55.35281,-20.94692,381.0],[55.35278,-20.94685,381.0],[55.35272,-20.94678,374.0],[55.35263,-20.94665,364.0],[55.3526,-20.94657,364.0],[55.35257,-20.94645,363.0],[55.3525,-20.94628,363.0],[55.35248,-20.94621,363.0],[55.35252,-20.94609,361.0],[55.35257,-20.94601,361.0],[55.35257,-20.94583,354.0],[55.35258,-20.94577,354.0],[55.35256,-20.94566,363.0],[55.35256,-20.94559,365.0],[55.35254,-20.94553,365.0],[55.3525,-20.94548,365.0],[55.35244,-20.9455,359.0],[55.35241,-20.94549,365.0],[55.35234,-20.9455,359.0],[55.3523,-20.94556,359.0],[55.35227,-20.94558,359.0],[55.35215,-20.94562,355.0],[55.35204,-20.94561,347.0],[55.35184,-20.9455,352.0],[55.35174,-20.94539,349.0],[55.35172,-20.94533,349.0],[55.35166,-20.94529,349.0],[55.35166,-20.94525,349.0],[55.35164,-20.9452,349.0],[55.35159,-20.94514,337.0],[55.35152,-20.9451,337.0],[55.35147,-20.94509,339.0],[55.3514,-20.94509,339.0],[55.35134,-20.94506,339.0],[55.3513,-20.94507,328.0],[55.35105,-20.94504,328.0],[55.35093,-20.94498,321.0],[55.35087,-20.94494,321.0],[55.35076,-20.94484,321.0],[55.35057,-20.94451,316.0],[55.35056,-20.94443,321.0],[55.35055,-20.94441,321.0],[55.35039,-20.94417,313.0],[55.35034,-20.94406,313.0],[55.35032,-20.94404,313.0],[55.35027,-20.94402,313.0],[55.35015,-20.94404,298.0],[55.35005,-20.94407,298.0],[55.35001,-20.9441,298.0],[55.34989,-20.94415,293.0],[55.34977,-20.94413,293.0],[55.34975,-20.94412,293.0],[55.34967,-20.94413,293.0],[55.34958,-20.94409,283.0],[55.34955,-20.94406,283.0],[55.34942,-20.94404,283.0],[55.3493,-20.94421,275.0],[55.34927,-20.94424,275.0],[55.3492,-20.94428,275.0],[55.34914,-20.94435,276.0],[55.34904,-20.94432,268.0],[55.34886,-20.9443,268.0],[55.3488,-20.94423,267.0],[55.34872,-20.94409,264.0],[55.34864,-20.94392,267.0],[55.34858,-20.94376,267.0],[55.34851,-20.94362,263.0],[55.34843,-20.9435,260.0],[55.34833,-20.94327,260.0],[55.34822,-20.94302,258.0],[55.34816,-20.94291,254.0],[55.34812,-20.94289,249.0],[55.34807,-20.94289,249.0],[55.34801,-20.94287,254.0],[55.34794,-20.94288,244.0],[55.34779,-20.94297,251.0],[55.34773,-20.94306,251.0],[55.3476,-20.94323,243.0],[55.34758,-20.94327,243.0],[55.3475,-20.94331,243.0],[55.34746,-20.9433,243.0],[55.34742,-20.94328,243.0],[55.34734,-20.94313,241.0],[55.34732,-20.94308,240.0],[55.34722,-20.94298,240.0],[55.34717,-20.94289,238.0],[55.3471,-20.94282,236.0],[55.34704,-20.94282,236.0],[55.34686,-20.94286,233.0],[55.34677,-20.94286,233.0],[55.34668,-20.94282,233.0],[55.34659,-20.94279,223.0],[55.34656,-20.94277,223.0],[55.34617,-20.94264,212.0],[55.3459,-20.94254,212.0],[55.34568,-20.94245,206.0],[55.34555,-20.94245,206.0],[55.34549,-20.94247,202.0],[55.3454,-20.94248,202.0],[55.34537,-20.94244,202.0],[55.34534,-20.94233,202.0],[55.34531,-20.94232,202.0],[55.3452,-20.94226,194.0],[55.34511,-20.94223,194.0],[55.34496,-20.94216,194.0],[55.34491,-20.94215,194.0],[55.34483,-20.94218,189.0],[55.34476,-20.94224,189.0],[55.34461,-20.94242,189.0],[55.34456,-20.94249,180.0],[55.34448,-20.94263,182.0],[55.34439,-20.94283,174.0],[55.34434,-20.94287,174.0],[55.34429,-20.94288,174.0],[55.34418,-20.94276,174.0],[55.34416,-20.94276,174.0],[55.34415,-20.94277,174.0],[55.34407,-20.9428,162.0],[55.34396,-20.94275,162.0],[55.34389,-20.94278,162.0],[55.34374,-20.94283,154.0],[55.34367,-20.94288,154.0],[55.34358,-20.94289,154.0],[55.3435,-20.94293,145.0],[55.3434,-20.94291,145.0],[55.34324,-20.94293,145.0],[55.34308,-20.94292,133.0],[55.343,-20.94288,129.0],[55.34289,-20.94286,129.0],[55.34283,-20.94284,129.0],[55.34279,-20.94281,129.0],[55.3427,-20.9428,120.0],[55.34261,-20.94278,120.0],[55.34247,-20.94268,120.0],[55.34238,-20.94257,117.0],[55.34233,-20.94244,117.0],[55.34229,-20.94227,117.0],[55.34227,-20.94211,117.0],[55.34221,-20.94192,106.0],[55.34205,-20.9416,104.0],[55.34192,-20.94131,103.0],[55.3418,-20.94109,96.0],[55.34153,-20.94083,92.0],[55.34138,-20.94076,92.0],[55.34125,-20.94072,86.0],[55.34118,-20.94069,86.0],[55.34105,-20.94068,86.0],[55.34096,-20.94069,82.0],[55.34083,-20.94077,82.0],[55.34076,-20.94084,82.0],[55.34071,-20.94082,82.0],[55.34068,-20.94078,76.0],[55.34068,-20.94069,76.0],[55.34071,-20.94064,82.0],[55.34073,-20.94057,81.0],[55.34069,-20.94052,76.0],[55.34058,-20.94044,76.0],[55.34053,-20.94039,70.0],[55.34038,-20.94018,64.0],[55.34017,-20.93997,54.0],[55.34007,-20.93981,54.0],[55.33994,-20.93957,49.0],[55.33993,-20.93949,47.0],[55.33995,-20.93944,47.0],[55.33989,-20.93935,47.0],[55.33987,-20.93924,49.0],[55.33984,-20.93912,47.0],[55.33984,-20.939,47.0],[55.33981,-20.93887,49.0],[55.33977,-20.9388,49.0],[55.33967,-20.93872,49.0],[55.33947,-20.93861,48.0],[55.33917,-20.93846,48.0],[55.33906,-20.93842,49.0],[55.3389,-20.93835,48.0],[55.33846,-20.93811,49.0],[55.3383,-20.93805,52.0],[55.33819,-20.93803,52.0],[55.33803,-20.93804,52.0],[55.33781,-20.93809,51.0],[55.33769,-20.93813,51.0],[55.33741,-20.93819,51.0],[55.33726,-20.93823,48.0],[55.33709,-20.93826,45.0],[55.33696,-20.93826,45.0],[55.3367,-20.9382,46.0],[55.33636,-20.93805,48.0],[55.33628,-20.938,50.0],[55.33617,-20.93796,50.0],[55.3361,-20.93795,47.0],[55.33606,-20.93796,50.0],[55.33596,-20.93804,48.0],[55.33596,-20.93804,48.0],[55.33596,-20.93804,48.0],[55.33596,-20.93804,48.0],[55.33587,-20.93817,46.0],[55.33574,-20.9383,46.0],[55.3357,-20.93837,41.0],[55.33565,-20.9384,32.0],[55.33559,-20.9384,32.0],[55.33555,-20.93838,41.0],[55.33541,-20.93836,35.0],[55.33514,-20.93833,33.0],[55.33496,-20.9383,33.0],[55.33474,-20.93828,33.0],[55.33444,-20.93819,33.0],[55.3343,-20.93814,35.0],[55.33419,-20.93809,31.0],[55.33404,-20.93808,30.0],[55.33395,-20.93806,30.0],[55.33371,-20.93791,31.0],[55.3335,-20.93781,31.0],[55.33341,-20.93774,31.0],[55.3333,-20.93769,31.0],[55.33318,-20.93761,31.0],[55.33304,-20.93753,34.0],[55.33295,-20.93749,37.0],[55.33265,-20.93732,31.0],[55.33265,-20.93732,32.0],[55.33262,-20.93735,32.0],[55.33257,-20.93743,32.0],[55.33236,-20.93777,31.0],[55.33229,-20.9379,31.0],[55.33213,-20.93814,25.0],[55.33195,-20.93845,24.0],[55.33182,-20.93866,27.0],[55.33171,-20.93884,25.0],[55.33159,-20.93877,25.0],[55.33165,-20.93866,25.0],[55.33158,-20.93862,25.0],[55.3315,-20.93876,25.0],[55.33147,-20.93875,25.0],[55.33143,-20.93873,25.0],[55.33128,-20.93899,25.0],[55.33121,-20.9391,25.0],[55.33118,-20.93912,25.0],[55.33114,-20.93911,25.0],[55.33104,-20.93916,25.0],[55.33102,-20.93914,25.0],[55.33105,-20.93904,25.0],[55.33103,-20.93895,23.0],[55.33102,-20.93871,23.0],[55.33114,-20.93838,23.0],[55.33152,-20.93858,22.0],[55.33166,-20.93865,27.0],[55.33167,-20.93866,27.0],[55.33161,-20.93877,22.0],[55.3317,-20.93882,22.0],[55.33178,-20.93869,27.0],[55.33186,-20.93857,27.0],[55.33204,-20.93827,27.0],[55.33225,-20.93789,31.0],[55.33244,-20.93757,32.0],[55.33266,-20.93723,35.0],[55.33284,-20.93694,48.0],[55.33306,-20.93659,48.0],[55.33322,-20.9363,48.0],[55.33342,-20.93597,47.0],[55.33373,-20.9355,47.0],[55.33392,-20.93517,47.0],[55.33423,-20.93463,48.0],[55.33438,-20.93432,48.0],[55.33456,-20.93394,43.0],[55.33479,-20.93351,38.0],[55.33495,-20.93314,38.0],[55.33494,-20.93304,36.0],[55.33512,-20.93293,38.0],[55.33549,-20.93331,38.0],[55.33575,-20.93357,38.0],[55.3361,-20.93392,38.0],[55.3361,-20.93392,38.0],[55.33633,-20.93372,38.0],[55.33633,-20.93372,37.0],[55.33633,-20.93372,37.0],[55.33651,-20.93356,40.0],[55.33666,-20.93346,37.0],[55.33703,-20.93325,37.0],[55.33722,-20.93312,34.0],[55.33751,-20.93294,30.0],[55.33786,-20.93274,25.0],[55.33796,-20.93259,26.0],[55.33819,-20.93256,18.0],[55.33832,-20.9326,17.0],[55.33843,-20.9326,15.0],[55.33855,-20.93253,14.0],[55.33857,-20.93249,14.0],[55.33858,-20.93237,14.0],[55.33854,-20.93223,13.0],[55.33857,-20.9322,12.0],[55.33866,-20.93215,12.0],[55.33869,-20.93209,12.0],[55.3387,-20.93198,13.0],[55.33863,-20.9317,14.0],[55.33854,-20.93129,15.0],[55.33855,-20.93122,15.0],[55.33866,-20.93103,15.0],[55.33884,-20.93091,13.0],[55.33893,-20.93057,12.0],[55.33894,-20.93033,9.0],[55.33897,-20.93011,11.0],[55.33894,-20.92996,12.0],[55.33895,-20.92974,11.0],[55.33899,-20.92952,11.0],[55.33898,-20.92916,11.0],[55.33896,-20.92906,11.0],[55.33887,-20.92893,11.0],[55.33866,-20.92888,11.0],[55.3384,-20.92883,11.0],[55.33833,-20.92879,11.0],[55.33833,-20.92877,11.0],[55.33844,-20.92842,11.0],[55.33851,-20.92813,11.0],[55.33858,-20.92794,9.0],[55.33881,-20.92759,8.0],[55.33896,-20.92736,8.0],[55.33894,-20.92714,10.0],[55.3388,-20.92679,5.0],[55.33867,-20.92644,5.0],[55.3385,-20.92598,7.0],[55.33838,-20.92575,9.0],[55.33813,-20.92555,6.0],[55.33833,-20.9252,6.0],[55.33845,-20.92508,6.0],[55.33866,-20.92495,8.0],[55.33889,-20.92485,6.0],[55.3391,-20.92478,6.0],[55.33932,-20.92471,5.0],[55.33959,-20.92465,5.0],[55.3399,-20.92455,5.0],[55.34008,-20.92448,6.0],[55.34037,-20.92439,5.0],[55.34078,-20.92426,6.0],[55.34102,-20.92421,7.0],[55.34127,-20.92414,7.0],[55.34178,-20.92396,7.0],[55.34218,-20.92384,8.0],[55.34288,-20.92363,8.0],[55.34311,-20.92355,7.0],[55.3435,-20.92343,8.0],[55.34388,-20.92331,7.0],[55.34445,-20.92313,7.0],[55.34478,-20.92302,8.0],[55.34514,-20.92291,9.0],[55.34563,-20.92278,9.0],[55.346,-20.92265,9.0],[55.34623,-20.92259,8.0],[55.34639,-20.92248,9.0],[55.34649,-20.92242,9.0],[55.34657,-20.92234,9.0],[55.34659,-20.92227,9.0],[55.34666,-20.92214,9.0],[55.34669,-20.92207,9.0],[55.34672,-20.92203,9.0],[55.34665,-20.92189,17.0],[55.34659,-20.92169,16.0],[55.34661,-20.92167,29.0],[55.34674,-20.92171,29.0],[55.34667,-20.92153,29.0],[55.34678,-20.92154,29.0],[55.34686,-20.92156,29.0],[55.34694,-20.92156,34.0],[55.3471,-20.92158,34.0],[55.34707,-20.92153,34.0],[55.34739,-20.92158,49.0],[55.34748,-20.9216,49.0],[55.34741,-20.92152,49.0],[55.34744,-20.9215,49.0],[55.34752,-20.92152,49.0],[55.34749,-20.92143,66.0],[55.3477,-20.92141,66.0],[55.34744,-20.9212,66.0],[55.34737,-20.92112,72.0],[55.34733,-20.92105,72.0],[55.34731,-20.92092,72.0],[55.34738,-20.92094,72.0],[55.34759,-20.92106,76.0],[55.34766,-20.92109,76.0],[55.34761,-20.92104,76.0],[55.3476,-20.921,76.0],[55.34754,-20.92094,76.0],[55.34753,-20.92091,76.0],[55.34755,-20.92082,82.0],[55.34764,-20.92074,82.0],[55.34775,-20.92067,87.0],[55.34786,-20.92072,87.0],[55.34799,-20.9208,87.0],[55.34804,-20.92078,95.0],[55.34808,-20.92073,95.0],[55.34813,-20.92069,95.0],[55.34839,-20.92038,106.0],[55.34862,-20.92016,113.0],[55.34881,-20.91994,122.0],[55.34912,-20.91985,136.0],[55.34916,-20.91987,136.0],[55.34927,-20.91999,136.0],[55.3493,-20.92,136.0],[55.34932,-20.91997,136.0],[55.34941,-20.91963,137.0],[55.34967,-20.91929,139.0],[55.34979,-20.91916,139.0],[55.34996,-20.91894,141.0],[55.3501,-20.9187,141.0],[55.35028,-20.91843,140.0],[55.35047,-20.91816,139.0],[55.35075,-20.91772,139.0],[55.35084,-20.91762,139.0],[55.35098,-20.91739,138.0],[55.35114,-20.91715,138.0],[55.35124,-20.91704,138.0],[55.35128,-20.91698,138.0],[55.35135,-20.91694,139.0],[55.35166,-20.9168,142.0],[55.352,-20.91664,140.0],[55.35236,-20.91646,139.0],[55.3525,-20.91632,139.0],[55.35262,-20.9161,134.0],[55.35266,-20.916,134.0],[55.35272,-20.91591,134.0],[55.35276,-20.91577,134.0],[55.35278,-20.91553,132.0],[55.3528,-20.91541,132.0],[55.35281,-20.91515,130.0],[55.35283,-20.91488,129.0],[55.35288,-20.91455,128.0],[55.3529,-20.91426,120.0],[55.35295,-20.91409,120.0],[55.35303,-20.91394,115.0],[55.35306,-20.91391,115.0],[55.35316,-20.91392,115.0],[55.3532,-20.91391,115.0],[55.35321,-20.91389,109.0],[55.35321,-20.91382,109.0],[55.35308,-20.91345,104.0],[55.35313,-20.91344,104.0],[55.35365,-20.91343,96.0],[55.354,-20.9135,92.0],[55.35441,-20.91357,92.0],[55.35462,-20.91361,94.0],[55.35485,-20.91363,94.0],[55.35494,-20.91362,103.0],[55.35499,-20.91357,103.0],[55.35501,-20.91339,105.0],[55.35499,-20.91323,105.0],[55.35503,-20.91313,105.0],[55.35508,-20.91305,106.0],[55.3551,-20.913,106.0],[55.35502,-20.91271,111.0],[55.35501,-20.91262,111.0],[55.35504,-20.91257,117.0],[55.35508,-20.91255,117.0],[55.35512,-20.91254,117.0],[55.35518,-20.91243,117.0],[55.35527,-20.91243,131.0],[55.35533,-20.91249,131.0],[55.35547,-20.91261,123.0],[55.35554,-20.9126,133.0],[55.35558,-20.91247,136.0],[55.35565,-20.91246,136.0],[55.35574,-20.9125,140.0],[55.35578,-20.9125,140.0],[55.35582,-20.91247,140.0],[55.35586,-20.91246,140.0],[55.35602,-20.91245,137.0],[55.35607,-20.91238,144.0],[55.35629,-20.91227,138.0],[55.35656,-20.91208,139.0],[55.35669,-20.91201,144.0],[55.35684,-20.91191,143.0],[55.35692,-20.91177,145.0],[55.35707,-20.91175,145.0],[55.35712,-20.91171,149.0],[55.35754,-20.91154,150.0],[55.35801,-20.91141,151.0],[55.35848,-20.91129,155.0],[55.35868,-20.91131,153.0],[55.35885,-20.91123,156.0],[55.3589,-20.91116,158.0],[55.35899,-20.91108,158.0],[55.35902,-20.91104,158.0],[55.35908,-20.91091,158.0],[55.35919,-20.91078,171.0],[55.35928,-20.91076,171.0],[55.35934,-20.91079,171.0],[55.35939,-20.91085,171.0],[55.35956,-20.91098,176.0],[55.35961,-20.91101,183.0],[55.35986,-20.91121,182.0],[55.35991,-20.91121,190.0],[55.36009,-20.91113,191.0],[55.36019,-20.91125,190.0],[55.36024,-20.91127,198.0],[55.36037,-20.91127,198.0],[55.36053,-20.91142,198.0],[55.3606,-20.91142,198.0],[55.36067,-20.91136,198.0],[55.3609,-20.91125,209.0],[55.36105,-20.91121,220.0],[55.36133,-20.9112,218.0],[55.36168,-20.91115,224.0],[55.36172,-20.91113,224.0],[55.36187,-20.9111,224.0],[55.36189,-20.91108,224.0],[55.36211,-20.91103,228.0],[55.36224,-20.91097,228.0],[55.36255,-20.9109,230.0],[55.36276,-20.91081,233.0],[55.36292,-20.91079,233.0],[55.36304,-20.9107,239.0],[55.36311,-20.91061,233.0],[55.36331,-20.91042,231.0],[55.36342,-20.91034,227.0],[55.36353,-20.91028,230.0],[55.36366,-20.91023,230.0],[55.36383,-20.91015,229.0],[55.36395,-20.91006,226.0],[55.36406,-20.91001,226.0],[55.36429,-20.9097,226.0],[55.36439,-20.90958,226.0],[55.36444,-20.90949,223.0],[55.36464,-20.90922,218.0],[55.36488,-20.9089,213.0],[55.36509,-20.90861,212.0],[55.36535,-20.90825,212.0],[55.36541,-20.90813,212.0],[55.36549,-20.90787,208.0],[55.36559,-20.90757,208.0],[55.36562,-20.90755,205.0],[55.36577,-20.9075,211.0],[55.36601,-20.90738,208.0],[55.36628,-20.90724,207.0],[55.3664,-20.90723,207.0],[55.36652,-20.90712,207.0],[55.3666,-20.90696,203.0],[55.36668,-20.90686,207.0],[55.36683,-20.90653,209.0],[55.3669,-20.90642,208.0],[55.36704,-20.90615,211.0],[55.36716,-20.90597,210.0],[55.36723,-20.90583,210.0],[55.3674,-20.90557,210.0],[55.36774,-20.90515,210.0],[55.36821,-20.90477,204.0],[55.36848,-20.90445,194.0],[55.36861,-20.90437,182.0],[55.36869,-20.90434,182.0],[55.36878,-20.90433,189.0],[55.36883,-20.90437,175.0],[55.36897,-20.90451,185.0],[55.36905,-20.90457,185.0],[55.36926,-20.90465,180.0],[55.36942,-20.90472,165.0],[55.36953,-20.90478,165.0],[55.36956,-20.90477,165.0],[55.36956,-20.90476,165.0],[55.36959,-20.90472,165.0],[55.36961,-20.90463,159.0],[55.3696,-20.9046,165.0],[55.36961,-20.90454,164.0],[55.36955,-20.90438,166.0],[55.36955,-20.90431,166.0],[55.36956,-20.90428,163.0],[55.36949,-20.90404,163.0],[55.36948,-20.90395,159.0],[55.36946,-20.90387,159.0],[55.36944,-20.90383,159.0],[55.36944,-20.90375,159.0],[55.36949,-20.90381,159.0],[55.36958,-20.90378,159.0],[55.36961,-20.90364,169.0],[55.36965,-20.90355,163.0],[55.36973,-20.90342,169.0],[55.3698,-20.90336,167.0],[55.36988,-20.90334,167.0],[55.36991,-20.90334,191.0],[55.36995,-20.90336,191.0],[55.3701,-20.90348,183.0],[55.37019,-20.90361,183.0],[55.37022,-20.90359,197.0],[55.37027,-20.90352,197.0],[55.37031,-20.90343,197.0],[55.37035,-20.90325,199.0],[55.37039,-20.90323,199.0],[55.37048,-20.9033,199.0],[55.37052,-20.90338,206.0],[55.37056,-20.90352,208.0],[55.37058,-20.90353,208.0],[55.37061,-20.90351,208.0],[55.37071,-20.90337,210.0],[55.37074,-20.90334,210.0],[55.37091,-20.90323,210.0],[55.37095,-20.9032,210.0],[55.37097,-20.90317,210.0],[55.3712,-20.90303,212.0],[55.37136,-20.90302,215.0],[55.37145,-20.903,215.0],[55.3718,-20.90298,219.0],[55.37205,-20.90294,222.0],[55.37212,-20.90294,218.0],[55.37226,-20.90291,225.0],[55.37255,-20.90288,218.0],[55.37288,-20.90285,213.0],[55.37298,-20.90287,213.0],[55.37305,-20.90294,206.0],[55.37307,-20.90295,206.0],[55.37314,-20.90294,206.0],[55.3732,-20.90295,206.0],[55.37351,-20.90322,197.0],[55.37356,-20.90325,197.0],[55.37365,-20.90333,197.0],[55.37368,-20.90334,197.0],[55.37382,-20.90343,197.0],[55.37385,-20.90343,186.0],[55.37385,-20.90338,183.0],[55.37378,-20.90327,197.0],[55.37378,-20.90323,197.0],[55.3738,-20.90323,197.0],[55.37385,-20.90327,183.0],[55.37387,-20.9033,183.0],[55.37404,-20.9034,186.0],[55.37409,-20.90342,186.0],[55.37425,-20.90344,169.0],[55.37432,-20.90346,169.0],[55.37439,-20.90349,169.0],[55.37442,-20.90351,160.0],[55.37448,-20.90353,160.0],[55.37449,-20.9035,160.0],[55.37439,-20.90323,167.0],[55.37434,-20.90318,167.0],[55.3743,-20.9031,167.0],[55.37425,-20.90303,154.0],[55.37424,-20.90298,154.0],[55.37427,-20.90292,154.0],[55.37436,-20.90294,154.0],[55.37443,-20.903,139.0],[55.37445,-20.90303,139.0],[55.3745,-20.90308,139.0],[55.37456,-20.90311,150.0],[55.3746,-20.90317,150.0],[55.37464,-20.90316,138.0],[55.37464,-20.90314,138.0],[55.3746,-20.90299,139.0],[55.37458,-20.90287,130.0],[55.37449,-20.90267,130.0],[55.3745,-20.90259,119.0],[55.37462,-20.90261,118.0],[55.37477,-20.90267,118.0],[55.37487,-20.90276,118.0],[55.3749,-20.9028,118.0],[55.37496,-20.9028,97.0],[55.37498,-20.90277,97.0],[55.37497,-20.90271,97.0],[55.37498,-20.90266,97.0],[55.37497,-20.90261,97.0],[55.37495,-20.90232,86.0],[55.37505,-20.90232,86.0],[55.3752,-20.90252,86.0],[55.37525,-20.90254,62.0],[55.37526,-20.90242,62.0],[55.37527,-20.90239,62.0],[55.37526,-20.90227,58.0],[55.37528,-20.90216,58.0],[55.37531,-20.90212,58.0],[55.37531,-20.90211,58.0],[55.37537,-20.90212,58.0],[55.37542,-20.90216,58.0],[55.37555,-20.90232,45.0],[55.37562,-20.90236,45.0],[55.37566,-20.90227,45.0],[55.37566,-20.90215,45.0],[55.37569,-20.90206,45.0],[55.37578,-20.90194,37.0],[55.37578,-20.90191,37.0],[55.37582,-20.90185,37.0],[55.37584,-20.90179,31.0],[55.37583,-20.90176,31.0],[55.37588,-20.90167,31.0],[55.37585,-20.90154,31.0],[55.37574,-20.90137,23.0],[55.37563,-20.90125,28.0],[55.37561,-20.9012,28.0],[55.37565,-20.90118,23.0],[55.37569,-20.90112,23.0],[55.37569,-20.90104,23.0],[55.37564,-20.90098,23.0],[55.37562,-20.90091,23.0],[55.37568,-20.90079,21.0],[55.37568,-20.90074,21.0],[55.37566,-20.90064,21.0],[55.37558,-20.9005,20.0],[55.37553,-20.90036,17.0],[55.37543,-20.90018,19.0],[55.3753,-20.89985,17.0],[55.37527,-20.89967,13.0],[55.37522,-20.89951,13.0],[55.3752,-20.89925,10.0],[55.37524,-20.89918,9.0],[55.37533,-20.8991,9.0],[55.37542,-20.89897,9.0],[55.37544,-20.89892,9.0],[55.37551,-20.89871,9.0],[55.37559,-20.89829,8.0],[55.3756,-20.89812,8.0],[55.3756,-20.89807,7.0],[55.37556,-20.89781,6.0],[55.37548,-20.89765,5.0],[55.37545,-20.89748,6.0],[55.37531,-20.89715,7.0],[55.37529,-20.89708,7.0],[55.37536,-20.89699,7.0],[55.37544,-20.89694,7.0],[55.37556,-20.89688,7.0],[55.37584,-20.89677,7.0],[55.37618,-20.89663,7.0],[55.3764,-20.89653,7.0],[55.37664,-20.8964,9.0],[55.3767,-20.89635,9.0],[55.37678,-20.89644,9.0],[55.3769,-20.89631,9.0],[55.37717,-20.89605,10.0],[55.37733,-20.89583,12.0],[55.37733,-20.89581,12.0],[55.3773,-20.89575,12.0],[55.37734,-20.89565,12.0],[55.37743,-20.8955,15.0],[55.37754,-20.89536,18.0],[55.37757,-20.89535,18.0],[55.3777,-20.89537,18.0],[55.37778,-20.89533,22.0],[55.37794,-20.89523,22.0],[55.37805,-20.8953,31.0],[55.3782,-20.89536,31.0],[55.3784,-20.89539,41.0],[55.37859,-20.89544,46.0],[55.37864,-20.89532,53.0],[55.3786,-20.89506,56.0],[55.37855,-20.89494,56.0],[55.37865,-20.89491,56.0],[55.3788,-20.89497,56.0],[55.37896,-20.89507,70.0],[55.37906,-20.89515,64.0],[55.37913,-20.89517,77.0],[55.37947,-20.89534,87.0],[55.37944,-20.89502,89.0],[55.37937,-20.89465,92.0],[55.37935,-20.89441,93.0],[55.37944,-20.89446,104.0],[55.37957,-20.89456,105.0],[55.37989,-20.89476,119.0],[55.37992,-20.8947,134.0],[55.37988,-20.89445,119.0],[55.38007,-20.89461,134.0],[55.38027,-20.89474,149.0],[55.38052,-20.8949,149.0],[55.38048,-20.89464,149.0],[55.38046,-20.89445,154.0],[55.38038,-20.89427,149.0],[55.38041,-20.89418,149.0],[55.38055,-20.89426,167.0],[55.38068,-20.8944,171.0],[55.38074,-20.89417,172.0],[55.38088,-20.89428,167.0],[55.38089,-20.8941,172.0],[55.38092,-20.89389,174.0],[55.38098,-20.89389,163.0],[55.38101,-20.89397,169.0],[55.38111,-20.89412,182.0],[55.38113,-20.89418,182.0],[55.38129,-20.89409,182.0],[55.38157,-20.89436,207.0],[55.38164,-20.89441,210.0],[55.38168,-20.89445,210.0],[55.38197,-20.89469,215.0],[55.38205,-20.89478,215.0],[55.38242,-20.89512,220.0],[55.3825,-20.89518,231.0],[55.38273,-20.89539,226.0],[55.383,-20.89563,239.0],[55.38309,-20.89573,241.0],[55.3834,-20.89598,249.0],[55.3835,-20.89608,249.0],[55.38363,-20.89614,254.0],[55.38369,-20.89618,254.0],[55.38376,-20.89624,257.0],[55.3838,-20.89631,257.0],[55.38393,-20.89649,261.0],[55.38408,-20.89669,268.0],[55.38424,-20.89684,271.0],[55.3844,-20.89696,266.0],[55.38453,-20.8971,272.0],[55.38474,-20.89727,270.0],[55.38491,-20.89743,274.0],[55.38501,-20.8975,274.0],[55.38508,-20.89758,274.0],[55.3851,-20.89764,277.0],[55.38519,-20.89774,277.0],[55.38529,-20.89793,280.0],[55.38542,-20.89811,286.0],[55.38557,-20.89836,287.0],[55.38557,-20.89844,296.0],[55.38559,-20.89849,296.0],[55.3857,-20.89864,296.0],[55.38588,-20.89891,297.0],[55.38594,-20.89902,307.0],[55.38597,-20.89909,307.0],[55.38605,-20.89922,307.0],[55.38605,-20.89929,307.0],[55.38608,-20.89936,319.0],[55.38612,-20.89941,319.0],[55.38615,-20.89947,319.0],[55.38641,-20.89978,321.0],[55.38643,-20.89984,328.0],[55.38648,-20.89991,328.0],[55.38671,-20.9001,327.0],[55.38702,-20.90034,328.0],[55.38736,-20.90059,332.0],[55.38749,-20.90072,340.0],[55.38755,-20.90077,340.0],[55.38761,-20.9008,340.0],[55.38773,-20.90089,340.0],[55.38777,-20.90093,344.0],[55.38783,-20.90097,344.0],[55.38795,-20.90101,344.0],[55.38805,-20.90106,342.0],[55.38817,-20.90116,347.0],[55.38834,-20.90127,342.0],[55.38848,-20.90134,341.0],[55.3886,-20.90142,342.0],[55.3887,-20.90155,343.0],[55.38876,-20.90166,343.0],[55.38883,-20.90172,346.0],[55.38904,-20.902,350.0],[55.38908,-20.90214,350.0],[55.38923,-20.90217,351.0],[55.38939,-20.90228,351.0],[55.38953,-20.90233,360.0],[55.38965,-20.9024,360.0],[55.38972,-20.90241,360.0],[55.38984,-20.90248,360.0],[55.39002,-20.90254,363.0],[55.39011,-20.90258,363.0],[55.39019,-20.90263,367.0],[55.39034,-20.9027,366.0],[55.39038,-20.90269,366.0],[55.39048,-20.90279,366.0],[55.39067,-20.90291,370.0],[55.39085,-20.9031,376.0],[55.39112,-20.90341,377.0],[55.39114,-20.90345,377.0],[55.39119,-20.90351,377.0],[55.39122,-20.90357,377.0],[55.39124,-20.90368,377.0],[55.39124,-20.90374,378.0],[55.39127,-20.90383,378.0],[55.39133,-20.90393,381.0],[55.39136,-20.90403,385.0],[55.39139,-20.90408,385.0],[55.39147,-20.90418,385.0],[55.39151,-20.90425,385.0],[55.39167,-20.90444,393.0],[55.39172,-20.90452,397.0],[55.39194,-20.90473,397.0],[55.39203,-20.90479,397.0],[55.39239,-20.90495,399.0],[55.39274,-20.90516,400.0],[55.39289,-20.90515,406.0],[55.3932,-20.90493,402.0],[55.39324,-20.90492,404.0],[55.3933,-20.90493,404.0],[55.39341,-20.905,404.0],[55.39352,-20.90504,407.0],[55.39356,-20.90504,407.0],[55.39369,-20.90501,407.0],[55.39376,-20.90502,407.0],[55.39391,-20.905,413.0],[55.39394,-20.90498,413.0],[55.39398,-20.90484,413.0],[55.39414,-20.90471,410.0],[55.39422,-20.90463,420.0],[55.39425,-20.90459,420.0],[55.39431,-20.90448,409.0],[55.39437,-20.90442,407.0],[55.39443,-20.90439,408.0],[55.39452,-20.90437,408.0],[55.3946,-20.90437,413.0],[55.39472,-20.90438,407.0],[55.39483,-20.90441,407.0],[55.39521,-20.90458,412.0],[55.39535,-20.90461,417.0],[55.39552,-20.90462,412.0],[55.3957,-20.90467,412.0],[55.39597,-20.90482,414.0],[55.39616,-20.90491,420.0],[55.39635,-20.90498,414.0],[55.3965,-20.905,416.0],[55.39664,-20.90498,414.0],[55.39675,-20.90495,414.0],[55.39697,-20.90493,412.0],[55.39701,-20.90492,409.0],[55.39713,-20.90493,404.0],[55.39751,-20.90516,410.0],[55.39774,-20.9054,410.0],[55.39787,-20.9054,410.0],[55.39792,-20.90534,407.0],[55.39798,-20.90522,407.0],[55.39813,-20.90496,408.0],[55.39822,-20.90486,409.0],[55.3984,-20.90504,409.0],[55.39853,-20.90512,408.0],[55.39869,-20.90504,413.0],[55.39865,-20.9048,417.0],[55.39852,-20.90465,417.0],[55.39851,-20.90444,416.0],[55.39847,-20.90424,419.0],[55.39829,-20.90416,419.0],[55.398,-20.90389,425.0],[55.39794,-20.90351,425.0],[55.39805,-20.90324,427.0],[55.39819,-20.90289,439.0],[55.39823,-20.90282,444.0],[55.39841,-20.90261,444.0],[55.39855,-20.90248,450.0],[55.39875,-20.90226,453.0],[55.39889,-20.90215,455.0],[55.39908,-20.90206,453.0],[55.39962,-20.90188,454.0],[55.40015,-20.90179,458.0],[55.40056,-20.90177,456.0],[55.40122,-20.90175,457.0],[55.40163,-20.90172,459.0],[55.40182,-20.90172,459.0],[55.40202,-20.90171,459.0],[55.40222,-20.90172,459.0],[55.40255,-20.90177,461.0],[55.40319,-20.90191,461.0],[55.40369,-20.90205,461.0],[55.40403,-20.90207,458.0],[55.40439,-20.90209,455.0],[55.40449,-20.90217,452.0],[55.40456,-20.90218,452.0],[55.40465,-20.90212,444.0],[55.40476,-20.90206,444.0],[55.40489,-20.90206,444.0],[55.40494,-20.90211,436.0],[55.405,-20.90222,436.0],[55.40509,-20.90244,436.0],[55.40515,-20.90256,435.0],[55.40519,-20.903,436.0],[55.40521,-20.90302,418.0],[55.40524,-20.90303,418.0],[55.40529,-20.903,418.0],[55.40533,-20.90293,418.0],[55.40537,-20.90282,432.0],[55.40548,-20.90258,428.0],[55.40549,-20.90237,428.0],[55.40556,-20.90205,412.0],[55.40561,-20.9018,408.0],[55.40569,-20.90162,412.0],[55.40584,-20.90141,397.0],[55.40595,-20.90126,397.0],[55.40599,-20.90147,397.0],[55.4061,-20.90162,386.0],[55.40615,-20.90173,386.0],[55.40613,-20.90192,381.0],[55.40627,-20.90217,375.0],[55.40634,-20.90233,367.0],[55.40646,-20.90236,372.0],[55.40659,-20.90238,367.0],[55.40671,-20.90236,373.0],[55.40674,-20.90229,380.0],[55.40675,-20.90222,370.0],[55.40681,-20.90218,370.0],[55.40686,-20.90215,370.0],[55.40716,-20.9021,384.0],[55.40728,-20.90203,389.0],[55.40756,-20.90191,385.0],[55.40775,-20.90178,386.0],[55.40787,-20.90172,384.0],[55.40844,-20.90158,384.0],[55.40873,-20.90153,382.0],[55.40887,-20.90149,381.0],[55.40908,-20.90145,381.0],[55.40914,-20.90143,380.0],[55.40926,-20.90133,380.0],[55.40932,-20.90124,380.0],[55.40934,-20.90118,377.0],[55.40937,-20.90114,377.0],[55.40943,-20.90111,378.0],[55.40967,-20.90112,380.0],[55.40972,-20.90111,380.0],[55.40987,-20.90112,380.0],[55.40995,-20.90116,381.0],[55.41032,-20.90152,392.0],[55.41052,-20.90157,394.0],[55.41066,-20.90183,395.0],[55.41087,-20.90199,398.0],[55.41099,-20.90213,405.0],[55.41095,-20.90231,411.0],[55.41078,-20.90243,411.0],[55.41048,-20.90239,411.0],[55.41005,-20.90248,412.0],[55.40975,-20.90267,414.0],[55.40957,-20.90288,416.0],[55.40944,-20.90334,433.0],[55.40949,-20.9034,440.0],[55.40952,-20.90355,440.0],[55.40945,-20.90359,440.0],[55.40944,-20.90361,440.0],[55.40947,-20.90371,445.0],[55.40954,-20.90377,445.0],[55.40958,-20.90382,445.0],[55.4096,-20.90385,445.0],[55.4096,-20.90388,445.0],[55.40965,-20.90397,451.0],[55.40973,-20.90402,450.0],[55.40975,-20.90405,457.0],[55.40974,-20.90409,457.0],[55.40964,-20.9042,457.0],[55.40964,-20.9043,456.0],[55.40977,-20.90452,457.0],[55.40976,-20.90467,456.0],[55.40978,-20.9047,457.0],[55.40983,-20.90472,457.0],[55.40988,-20.90467,457.0],[55.40998,-20.90465,456.0],[55.4101,-20.90458,456.0],[55.41016,-20.90458,456.0],[55.41017,-20.90463,456.0],[55.41016,-20.90475,456.0],[55.41009,-20.90483,459.0],[55.41003,-20.90496,459.0],[55.40998,-20.9051,459.0],[55.41003,-20.90522,465.0],[55.41017,-20.90535,465.0],[55.4103,-20.90555,473.0],[55.41039,-20.90567,475.0],[55.41041,-20.90576,475.0],[55.41038,-20.90591,480.0],[55.41038,-20.90602,480.0],[55.41039,-20.90612,480.0],[55.41028,-20.90627,479.0],[55.41019,-20.90653,483.0],[55.41021,-20.90669,488.0],[55.41028,-20.90676,484.0],[55.41036,-20.90665,488.0],[55.41043,-20.90648,485.0],[55.41052,-20.90634,490.0],[55.41055,-20.90623,490.0],[55.41063,-20.90612,487.0],[55.41066,-20.90607,487.0],[55.41075,-20.906,495.0],[55.41082,-20.90601,495.0],[55.41086,-20.90607,495.0],[55.41079,-20.90616,495.0],[55.41073,-20.90623,498.0],[55.41079,-20.90633,498.0],[55.41085,-20.90641,498.0],[55.41092,-20.90633,498.0],[55.41096,-20.90623,498.0],[55.41117,-20.90613,503.0],[55.41136,-20.90608,503.0],[55.41158,-20.90608,503.0],[55.41172,-20.90611,500.0],[55.41181,-20.9062,506.0],[55.41186,-20.90631,512.0],[55.41198,-20.90644,509.0],[55.41214,-20.90649,505.0],[55.41232,-20.90653,516.0],[55.41268,-20.90666,516.0],[55.41305,-20.90673,517.0],[55.41317,-20.90679,517.0],[55.41317,-20.90686,524.0],[55.41295,-20.90684,527.0],[55.41279,-20.90683,527.0],[55.41269,-20.90687,527.0],[55.41253,-20.90688,527.0],[55.41235,-20.90691,532.0],[55.41209,-20.90698,520.0],[55.41199,-20.90706,537.0],[55.41208,-20.90711,537.0],[55.41214,-20.90721,540.0],[55.4122,-20.9073,540.0],[55.41224,-20.90736,547.0],[55.41233,-20.90729,540.0],[55.41241,-20.90735,543.0],[55.41257,-20.90735,548.0],[55.41274,-20.90754,546.0],[55.41302,-20.90792,556.0],[55.41324,-20.9082,562.0],[55.41346,-20.90841,564.0],[55.41356,-20.90853,564.0],[55.41373,-20.9087,564.0],[55.41387,-20.90873,568.0],[55.41415,-20.90881,568.0],[55.41466,-20.90881,573.0],[55.41502,-20.90889,573.0],[55.41541,-20.90871,573.0],[55.41589,-20.90843,565.0],[55.41599,-20.90839,559.0],[55.41606,-20.90841,565.0],[55.4161,-20.90861,565.0],[55.41612,-20.90879,569.0],[55.41615,-20.90887,569.0],[55.41629,-20.90908,581.0],[55.41632,-20.90918,578.0],[55.41627,-20.90928,581.0],[55.41623,-20.90931,592.0],[55.4162,-20.90936,592.0],[55.41609,-20.90941,592.0],[55.41592,-20.90944,597.0],[55.41573,-20.90956,601.0],[55.41569,-20.90961,605.0],[55.41565,-20.90964,605.0],[55.41561,-20.90969,605.0],[55.41554,-20.9098,610.0],[55.4155,-20.90985,613.0],[55.41548,-20.91001,613.0],[55.4156,-20.91031,613.0],[55.41562,-20.91039,613.0],[55.4156,-20.91055,617.0],[55.41561,-20.91058,617.0],[55.4156,-20.91063,622.0],[55.41561,-20.91071,622.0],[55.41563,-20.91079,622.0],[55.41563,-20.91086,622.0],[55.41562,-20.91091,630.0],[55.41563,-20.91101,630.0],[55.41565,-20.91107,630.0],[55.41572,-20.91112,631.0],[55.41573,-20.91116,631.0],[55.41576,-20.91119,631.0],[55.41579,-20.9112,637.0],[55.41584,-20.9112,637.0],[55.41586,-20.91122,637.0],[55.41604,-20.9113,639.0],[55.4161,-20.91138,639.0],[55.41616,-20.91142,639.0],[55.41625,-20.91145,639.0],[55.41631,-20.9115,645.0],[55.41633,-20.91155,645.0],[55.41632,-20.91162,645.0],[55.41638,-20.91171,645.0],[55.41641,-20.91174,645.0],[55.41645,-20.91177,645.0],[55.4165,-20.91176,645.0],[55.41656,-20.91177,645.0],[55.41666,-20.91186,653.0],[55.41675,-20.91191,653.0],[55.41685,-20.91198,653.0],[55.41687,-20.91207,663.0],[55.41687,-20.91215,663.0],[55.41686,-20.9122,663.0],[55.4169,-20.91221,663.0],[55.41694,-20.91221,664.0],[55.41698,-20.91224,664.0],[55.41701,-20.91229,664.0],[55.41704,-20.9124,668.0],[55.41704,-20.91245,668.0],[55.41705,-20.91248,668.0],[55.41709,-20.91255,668.0],[55.41719,-20.91279,675.0],[55.41719,-20.91302,684.0],[55.4172,-20.9131,693.0],[55.41721,-20.91312,693.0],[55.41722,-20.91318,693.0],[55.41734,-20.91333,693.0],[55.41745,-20.91351,701.0],[55.41758,-20.91369,701.0],[55.41787,-20.91405,703.0],[55.41793,-20.91411,708.0],[55.41804,-20.91414,705.0],[55.41816,-20.91415,698.0],[55.41825,-20.91412,701.0],[55.41838,-20.9141,701.0],[55.41854,-20.91404,698.0],[55.41889,-20.91382,698.0],[55.41904,-20.9138,698.0],[55.41923,-20.9138,697.0],[55.41938,-20.91378,700.0],[55.41943,-20.91374,697.0],[55.41951,-20.91371,697.0],[55.4196,-20.91361,706.0],[55.41963,-20.91356,703.0],[55.4197,-20.91335,700.0],[55.41974,-20.9133,700.0],[55.4198,-20.91325,700.0],[55.41988,-20.91321,700.0],[55.42016,-20.91309,706.0],[55.42021,-20.913,708.0],[55.42021,-20.91289,719.0],[55.42023,-20.91271,719.0],[55.42024,-20.91268,719.0],[55.4203,-20.9126,719.0],[55.42062,-20.91252,719.0],[55.42077,-20.9125,718.0],[55.42084,-20.91246,718.0],[55.42094,-20.91238,723.0],[55.42113,-20.91226,717.0],[55.42131,-20.9121,723.0],[55.42136,-20.91199,726.0],[55.42141,-20.91175,722.0],[55.42142,-20.91161,724.0],[55.42141,-20.9114,721.0],[55.42143,-20.91128,721.0],[55.42149,-20.91121,721.0],[55.42159,-20.91119,719.0],[55.42185,-20.91122,727.0],[55.42206,-20.91116,718.0],[55.42228,-20.91108,716.0],[55.42234,-20.91107,716.0],[55.42241,-20.91102,718.0],[55.42247,-20.911,718.0],[55.42256,-20.91095,718.0],[55.42266,-20.91084,712.0],[55.42268,-20.91079,712.0],[55.42272,-20.91043,704.0],[55.42274,-20.91031,701.0],[55.42285,-20.90992,699.0],[55.42297,-20.9096,697.0],[55.42316,-20.90921,689.0],[55.42322,-20.90898,679.0],[55.42337,-20.90867,686.0],[55.42349,-20.90847,680.0],[55.42361,-20.90835,687.0],[55.42366,-20.90809,687.0],[55.42372,-20.90798,689.0],[55.42388,-20.9078,687.0],[55.42411,-20.90751,684.0],[55.42441,-20.90713,672.0],[55.42448,-20.90702,672.0],[55.42456,-20.90692,667.0],[55.42473,-20.90673,656.0],[55.42486,-20.90654,656.0],[55.42494,-20.9064,656.0],[55.42512,-20.90624,656.0],[55.42532,-20.9062,654.0],[55.4255,-20.90606,665.0],[55.42558,-20.90598,663.0],[55.42571,-20.90581,666.0],[55.42582,-20.90562,666.0],[55.42588,-20.90553,668.0],[55.42596,-20.90545,668.0],[55.42601,-20.90543,670.0],[55.4261,-20.90541,670.0],[55.42628,-20.90547,670.0],[55.42656,-20.90559,672.0],[55.42674,-20.90565,675.0],[55.42682,-20.90564,670.0],[55.42701,-20.90556,675.0],[55.42718,-20.90544,669.0],[55.42744,-20.90522,663.0],[55.42773,-20.90499,660.0],[55.4278,-20.90489,660.0],[55.42786,-20.90485,660.0],[55.42806,-20.90482,650.0],[55.42812,-20.9048,650.0],[55.42835,-20.90465,644.0],[55.42852,-20.90449,645.0],[55.42883,-20.90441,643.0],[55.42924,-20.90436,641.0],[55.42944,-20.9043,633.0],[55.42958,-20.90425,641.0],[55.42997,-20.90416,641.0],[55.43009,-20.90406,641.0],[55.43031,-20.90366,640.0],[55.43038,-20.90352,640.0],[55.43039,-20.90344,640.0],[55.43036,-20.90323,638.0],[55.4303,-20.90291,638.0],[55.43029,-20.90277,634.0],[55.43021,-20.90247,632.0],[55.43021,-20.9024,632.0],[55.43009,-20.90223,629.0],[55.43002,-20.90204,629.0],[55.43015,-20.90194,625.0],[55.43017,-20.90178,617.0],[55.43023,-20.90162,621.0],[55.43012,-20.90158,617.0],[55.42998,-20.90151,617.0],[55.42996,-20.9013,605.0],[55.42991,-20.90102,606.0],[55.42986,-20.90075,596.0],[55.42976,-20.90065,596.0],[55.42995,-20.90058,578.0],[55.42987,-20.90046,587.0],[55.42999,-20.90024,572.0],[55.43012,-20.89999,566.0],[55.43038,-20.89979,560.0],[55.4304,-20.8996,560.0],[55.43051,-20.89948,563.0],[55.43046,-20.89914,556.0],[55.43053,-20.89893,549.0],[55.43065,-20.89878,555.0],[55.43082,-20.8987,554.0],[55.43096,-20.89859,554.0],[55.43101,-20.89848,545.0],[55.4311,-20.89832,550.0],[55.43108,-20.8982,544.0],[55.43113,-20.89807,546.0],[55.43116,-20.89793,546.0],[55.43116,-20.89774,538.0],[55.43117,-20.89761,538.0],[55.43116,-20.8975,537.0],[55.43106,-20.89742,537.0],[55.43111,-20.89736,537.0],[55.43136,-20.89737,538.0],[55.43142,-20.89721,539.0],[55.43142,-20.89714,539.0],[55.43144,-20.89706,532.0],[55.4316,-20.89702,537.0],[55.43191,-20.89702,527.0],[55.43197,-20.89697,537.0],[55.432,-20.89686,537.0],[55.43214,-20.89681,531.0],[55.43212,-20.89662,518.0],[55.43207,-20.89637,531.0],[55.43198,-20.8961,531.0],[55.43195,-20.89586,533.0],[55.43195,-20.89573,527.0],[55.43201,-20.89556,534.0],[55.43211,-20.89541,528.0],[55.43215,-20.89528,532.0],[55.43217,-20.89504,529.0],[55.43211,-20.89485,529.0],[55.4321,-20.89472,520.0],[55.43215,-20.89453,517.0],[55.43217,-20.8944,512.0],[55.43218,-20.89429,512.0],[55.43227,-20.89411,512.0],[55.4323,-20.89401,512.0],[55.4324,-20.89396,503.0],[55.43263,-20.89401,501.0],[55.43271,-20.89392,491.0],[55.43271,-20.89371,491.0],[55.43278,-20.89357,490.0],[55.43289,-20.89331,484.0],[55.43301,-20.8931,471.0],[55.43309,-20.8929,479.0],[55.4331,-20.89275,474.0],[55.43303,-20.89257,475.0],[55.43301,-20.89233,475.0],[55.43299,-20.89203,474.0],[55.43302,-20.8918,469.0],[55.43312,-20.8916,465.0],[55.43324,-20.89139,457.0],[55.43324,-20.89117,461.0],[55.43318,-20.891,462.0],[55.43312,-20.89082,457.0],[55.43296,-20.89068,457.0],[55.43257,-20.89061,455.0],[55.43216,-20.89064,450.0],[55.43179,-20.89074,449.0],[55.43154,-20.89078,447.0],[55.43135,-20.89094,445.0],[55.43116,-20.891,445.0],[55.43092,-20.89092,441.0],[55.43066,-20.89071,438.0],[55.43051,-20.8904,434.0],[55.43045,-20.89015,428.0],[55.43051,-20.88987,428.0],[55.43059,-20.88955,424.0],[55.43067,-20.88927,418.0],[55.43077,-20.889,410.0],[55.43093,-20.88877,410.0],[55.43102,-20.88847,404.0],[55.43098,-20.88827,405.0],[55.43112,-20.88821,403.0],[55.43125,-20.88821,403.0],[55.43135,-20.88812,401.0],[55.4315,-20.88802,401.0],[55.43172,-20.88788,395.0],[55.4318,-20.88783,395.0],[55.43209,-20.88791,394.0],[55.43217,-20.88792,391.0],[55.43216,-20.88767,385.0],[55.43213,-20.88738,383.0],[55.4322,-20.88723,381.0],[55.43242,-20.88712,377.0],[55.43247,-20.88708,377.0],[55.43259,-20.887,372.0],[55.43248,-20.88686,377.0],[55.43238,-20.88662,373.0],[55.43232,-20.88641,373.0],[55.43243,-20.88619,372.0],[55.43259,-20.88604,370.0],[55.43263,-20.88589,372.0],[55.43274,-20.88573,370.0],[55.43279,-20.88563,370.0],[55.43293,-20.88552,371.0],[55.43302,-20.88544,367.0],[55.43308,-20.88534,365.0],[55.43315,-20.88515,365.0],[55.43327,-20.88516,358.0],[55.43335,-20.88516,358.0],[55.43341,-20.88511,358.0],[55.43348,-20.88509,354.0],[55.43343,-20.88534,358.0],[55.43336,-20.88542,359.0],[55.43327,-20.88553,359.0],[55.43321,-20.88571,358.0],[55.43328,-20.88587,358.0],[55.43328,-20.886,358.0],[55.43335,-20.88604,351.0],[55.43338,-20.8859,351.0],[55.43342,-20.8857,358.0],[55.43349,-20.88556,359.0],[55.43365,-20.88541,346.0],[55.43374,-20.88522,349.0],[55.43378,-20.88502,346.0],[55.43382,-20.88486,337.0],[55.43388,-20.88489,337.0],[55.43393,-20.88506,337.0],[55.434,-20.885,337.0],[55.43405,-20.88491,337.0],[55.43413,-20.88483,323.0],[55.43423,-20.88472,332.0],[55.43425,-20.88485,323.0],[55.43425,-20.88496,323.0],[55.43429,-20.88488,323.0],[55.4343,-20.88502,323.0],[55.43437,-20.88512,324.0],[55.43446,-20.88505,307.0],[55.43449,-20.88521,308.0],[55.43453,-20.88522,308.0],[55.43457,-20.88522,308.0],[55.4346,-20.88519,295.0],[55.43463,-20.88529,295.0],[55.43468,-20.88529,305.0],[55.43465,-20.88537,295.0],[55.43468,-20.88544,303.0],[55.43471,-20.8854,295.0],[55.43474,-20.88549,303.0],[55.43474,-20.8855,303.0],[55.43481,-20.88546,303.0],[55.43483,-20.88545,303.0],[55.43484,-20.8855,303.0],[55.43492,-20.88565,301.0],[55.43505,-20.88569,301.0],[55.43523,-20.88584,309.0],[55.43528,-20.886,293.0],[55.43517,-20.886,301.0],[55.43525,-20.8861,293.0],[55.43513,-20.88608,317.0],[55.4352,-20.88614,304.0],[55.43507,-20.88619,317.0],[55.43521,-20.88641,298.0],[55.43552,-20.8866,303.0],[55.43566,-20.8867,293.0],[55.43566,-20.88688,304.0],[55.43567,-20.88706,306.0],[55.43569,-20.8872,294.0],[55.43574,-20.88731,292.0],[55.4358,-20.88724,285.0],[55.4358,-20.88714,285.0],[55.43581,-20.88702,285.0],[55.43585,-20.88689,284.0],[55.43591,-20.88674,277.0],[55.43585,-20.8865,274.0],[55.43575,-20.88634,277.0],[55.43556,-20.88614,278.0],[55.43543,-20.88596,293.0],[55.43534,-20.88585,284.0],[55.43535,-20.8858,284.0],[55.43528,-20.8857,284.0],[55.4352,-20.88561,284.0],[55.43526,-20.88559,276.0],[55.43536,-20.8856,276.0],[55.43547,-20.88571,284.0],[55.43556,-20.88577,269.0],[55.43561,-20.88586,269.0],[55.43572,-20.88591,271.0],[55.43574,-20.88586,262.0],[55.43568,-20.88578,269.0],[55.43564,-20.88565,269.0],[55.43552,-20.88551,262.0],[55.43556,-20.88552,262.0],[55.4357,-20.88558,261.0],[55.43588,-20.88572,262.0],[55.43603,-20.8857,263.0],[55.4362,-20.88592,259.0],[55.43644,-20.8861,256.0],[55.43664,-20.88638,245.0],[55.43666,-20.88669,234.0],[55.4367,-20.88693,232.0],[55.43678,-20.88697,232.0],[55.43685,-20.88716,243.0],[55.437,-20.88698,228.0],[55.4371,-20.8871,217.0],[55.43708,-20.88696,228.0],[55.43696,-20.88691,228.0],[55.43692,-20.88673,220.0],[55.43693,-20.88649,211.0],[55.43701,-20.88621,224.0],[55.4369,-20.88602,229.0],[55.43682,-20.88601,221.0],[55.43679,-20.88584,219.0],[55.43664,-20.88571,219.0],[55.43672,-20.88568,219.0],[55.43659,-20.88556,223.0],[55.43641,-20.88539,205.0],[55.43644,-20.88533,205.0],[55.43654,-20.88535,205.0],[55.43649,-20.88527,205.0],[55.43657,-20.88523,205.0],[55.43665,-20.88526,183.0],[55.43693,-20.88549,193.0],[55.43708,-20.88567,195.0],[55.43739,-20.88586,181.0],[55.43757,-20.88589,172.0],[55.43775,-20.88591,178.0],[55.43784,-20.88605,170.0],[55.43791,-20.88629,175.0],[55.43804,-20.8863,153.0],[55.43812,-20.8862,158.0],[55.4382,-20.88601,145.0],[55.4384,-20.88591,145.0],[55.4385,-20.88568,137.0],[55.43856,-20.88561,126.0],[55.43839,-20.8855,126.0],[55.43862,-20.88545,118.0],[55.43844,-20.88533,115.0],[55.4386,-20.8853,108.0],[55.43883,-20.88515,102.0],[55.43898,-20.88512,102.0],[55.43914,-20.8851,86.0],[55.43924,-20.88523,86.0],[55.43938,-20.88527,86.0],[55.43943,-20.88543,83.0],[55.43954,-20.88545,83.0],[55.43955,-20.88559,83.0],[55.4395,-20.88585,84.0],[55.43962,-20.88612,82.0],[55.43971,-20.88617,85.0],[55.43985,-20.88618,85.0],[55.43997,-20.88624,80.0],[55.44006,-20.88621,80.0],[55.4402,-20.88614,84.0],[55.44032,-20.88615,78.0],[55.44046,-20.8862,78.0],[55.44054,-20.88625,76.0],[55.44058,-20.88637,78.0],[55.44062,-20.8865,78.0],[55.44063,-20.88666,78.0],[55.44074,-20.88692,75.0],[55.44093,-20.88709,78.0],[55.44124,-20.8872,75.0],[55.44152,-20.88726,75.0],[55.44167,-20.88723,75.0],[55.44189,-20.88704,75.0],[55.44206,-20.88689,66.0],[55.44228,-20.88671,54.0],[55.4423,-20.88664,54.0],[55.44239,-20.88653,54.0],[55.44252,-20.88635,47.0],[55.44284,-20.88593,47.0],[55.44299,-20.88566,42.0],[55.44324,-20.8853,43.0],[55.44328,-20.88517,38.0],[55.44336,-20.88498,39.0],[55.44357,-20.88469,39.0],[55.44357,-20.88462,36.0],[55.44356,-20.88446,40.0],[55.44361,-20.88436,40.0],[55.44361,-20.88433,40.0],[55.44359,-20.8843,40.0],[55.44341,-20.88419,43.0],[55.44314,-20.88412,44.0],[55.44297,-20.88412,46.0],[55.44281,-20.88418,44.0],[55.44278,-20.8842,46.0],[55.44274,-20.88424,46.0],[55.44274,-20.88431,45.0],[55.44282,-20.88448,43.0],[55.44283,-20.88455,43.0],[55.4428,-20.88475,43.0],[55.44276,-20.88485,49.0],[55.44265,-20.88491,48.0],[55.44245,-20.88497,48.0],[55.44212,-20.88499,45.0]]]}}
]
}
